# https://github.com/mikedh/trimesh
v -0.03599463403224945 0.00294946460053325 0.00196313019841909
v -0.03599463403224945 0.00295340386219323 -0.00100840115919709
v -0.03599463403224945 0.00307188602164388 0.00493023032322526
v -0.03599463403224945 0.00308218761347234 -0.00393714150413871
v -0.03599463403224945 0.00308469659648836 -0.00397613318637013
v -0.03599463403224945 0.00331020192243159 0.00782003998756409
v -0.03599463403224945 0.00639278115704656 0.00784401595592499
v -0.03599463403224945 0.00648456998169422 -0.00394967291504145
v -0.03596055880188942 0.00648658489808440 -0.00420848419889808
v -0.03594514727592468 0.00240765884518623 0.00197289115749300
v -0.03594514727592468 0.00241137086413801 -0.00102055433671921
v -0.03594514727592468 0.00252986419945955 0.00496380310505629
v -0.03591851145029068 0.00638980278745294 0.00822668801993132
v -0.03591851145029068 0.00677545415237546 0.00784699432551861
v -0.03591851145029068 0.00686724111437798 -0.00394669454544783
v -0.03591842204332352 0.00308763980865479 -0.00435869954526424
v -0.03591750189661980 0.00330721912905574 0.00820479448884726
v -0.03591654449701309 0.00240390282124281 -0.00399419572204351
v -0.03591628372669220 0.00262759765610099 0.00783966667950153
v -0.03588615730404854 0.00687127606943250 -0.00418555410578847
v -0.03584818542003632 0.00674334587529302 0.00822944007813931
v -0.03583878278732300 0.00242490298114717 -0.00437270477414131
v -0.03583430871367455 0.00264368625357747 0.00821680016815662
v -0.03579222783446312 0.00186781189404428 0.00198353826999664
v -0.03579222783446312 0.00187155033927411 -0.00103265815414488
v -0.03579222783446312 0.00199094507843256 0.00499718356877565
v -0.03575899079442024 0.00648958841338754 -0.00459444429725409
v -0.03570174053311348 0.00638727890327573 0.00855110120028257
v -0.03570174053311348 0.00709986733272672 0.00784952007234097
v -0.03570174053311348 0.00719165615737438 -0.00394416972994804
v -0.03570152446627617 0.00309006497263908 -0.00468298746272922
v -0.03569817170500755 0.00330471456982195 0.00853021815419197
v -0.03569164499640465 0.00683781038969755 -0.00457368791103363
v -0.03568038344383240 0.00174635555595160 -0.00401151739060879
v -0.03567929193377495 0.00196883152239025 0.00785827450454235
v -0.03567441925406456 0.00719639658927917 -0.00412628706544638
v -0.03564791381359100 0.00665786908939481 0.00855320785194635
v -0.03564791381359100 0.00704306596890092 0.00823177210986614
v -0.03562672436237335 0.00247660605236888 -0.00469227880239487
v -0.03561919182538986 0.00269113038666546 0.00853412970900536
v -0.03560560569167137 0.00178657495416701 -0.00438607577234507
v -0.03559815138578415 0.00200617453083396 0.00822805706411600
v -0.03554096445441246 0.00136488734278828 0.00199345708824694
v -0.03554096445441246 0.00136865384411067 -0.00104393402580172
v -0.03554096445441246 0.00148888293188065 0.00502828089520335
v -0.03549997881054878 0.00713210972025990 -0.00452003953978419
v -0.03549463301897049 0.00688726315274835 0.00855499319732189
v -0.03541250154376030 0.00649164058268070 -0.00485815340653062
v -0.03541000932455063 0.00188620295375586 -0.00470115290954709
v -0.03539918363094330 0.00210239971056581 0.00853771623224020
v -0.03539166226983070 0.00113622285425663 -0.00014040812675375
v -0.03537731617689133 0.00638559181243181 0.00876786746084690
v -0.03537731617689133 0.00731663266196847 0.00785120669752359
v -0.03537731617689133 0.00740842102095485 -0.00394248263910413
v -0.03537723422050476 0.00309160840697587 -0.00489988550543785
v -0.03537068516016006 0.00330307707190514 0.00874646566808224
v -0.03536497429013252 0.00673736911267042 -0.00484350696206093
v -0.03535975515842438 0.00109111319761723 0.00052052934188396
v -0.03535795956850052 0.00741186086088419 -0.00403981190174818
v -0.03534818813204765 0.00653203297406435 0.00876900739967823
v -0.03534818813204765 0.00724333198741078 0.00823333114385605
v -0.03533588722348213 0.00649188458919525 -0.00488961534574628
v -0.03531237691640854 0.00255121826194227 -0.00490531465038657
v -0.03530669957399368 0.00103819463402033 -0.00080454832641408
v -0.03530326858162880 0.00276279589161277 0.00874455459415913
v -0.03529838845133781 0.00116129429079592 -0.00402679434046149
v -0.03529658168554306 0.00138223136309534 0.00787459313869476
v -0.03528324142098427 0.00103065022267401 0.00000845603790367
v -0.03526522964239120 0.00665618199855089 0.00876997411251068
v -0.03526522964239120 0.00704053975641727 0.00855618622153997
v -0.03524326533079147 0.00098906434141099 -0.00051884923595935
v -0.03524310141801834 0.00098076579160988 0.00053502462105826
v -0.03523220121860504 0.00121930555906147 -0.00439786352217197
v -0.03522972390055656 0.00694504519924521 -0.00480564869940281
v -0.03522274643182755 0.00144072656985372 0.00823783408850431
v -0.03521351888775826 0.00732714636251330 -0.00444176234304905
v -0.03520365431904793 0.00092116423184052 0.00200220826081932
v -0.03520365431904793 0.00104592333082110 0.00505571765825152
v -0.03517953678965569 0.00088443025015295 0.00126972363796085
v -0.03514382615685463 0.00096174003556371 0.00000790712510934
v -0.03514108061790466 0.00673913490027189 0.00877061951905489
v -0.03512780740857124 0.00087192963110283 -0.00103191751986742
v -0.03512750938534737 0.00085560919251293 0.00104610004927963
v -0.03512239456176758 0.00203071627765894 -0.00491052260622382
v -0.03511138260364532 0.00224347366020083 0.00874266400933266
v -0.03510612249374390 0.00092500512255356 -0.00049284152919427
v -0.03510598838329315 0.00091719336342067 0.00050798454321921
v -0.03506942465901375 0.00080024608178064 -0.00153905176557600
v -0.03506389260292053 0.00136188569013029 -0.00470898021012545
v -0.03505119308829308 0.00158086023293436 0.00854076817631721
v -0.03502757847309113 0.00708267651498318 -0.00475041102617979
v -0.03499641269445419 0.00081980903632939 -0.00098612718284130
v -0.03499615937471390 0.00080432725371793 0.00099948339629918
v -0.03499463200569153 0.00309202936477959 -0.00497610680758953
v -0.03499463200569153 0.00330255459994078 0.00881999637931585
v -0.03499463200569153 0.00638499949127436 0.00884398538619280
v -0.03499463200569153 0.00649235304445028 -0.00494964234530926
v -0.03499463200569153 0.00662177475169301 -0.00494021549820900
v -0.03499463200569153 0.00676826294511557 0.00877084583044052
v -0.03499463200569153 0.00687443185597658 -0.00487054605036974
v -0.03499463200569153 0.00688602589070797 0.00871390663087368
v -0.03499463200569153 0.00709436461329460 0.00855660531669855
v -0.03499463200569153 0.00719715841114521 -0.00465125543996692
v -0.03499463200569153 0.00725488876923919 0.00835074111819267
v -0.03499463200569153 0.00731365429237485 0.00823387876152992
v -0.03499463200569153 0.00739275151863694 0.00785179901868105
v -0.03499463200569153 0.00741139939054847 -0.00432515470311046
v -0.03499463200569153 0.00748453987762332 -0.00394189031794667
v -0.03498999029397964 0.00093897868646309 0.00000771606210037
v -0.03495524451136589 0.00090582424309105 -0.00047149549936876
v -0.03495514392852783 0.00089839915744960 0.00048630536184646
v -0.03494257479906082 0.00263762031681836 -0.00497964350506663
v -0.03494247421622276 0.00284595321863890 0.00881644245237112
v -0.03485317528247833 0.00080949615221471 -0.00094807427376509
v -0.03485297411680222 0.00079469522461295 0.00096125062555075
v -0.03483660519123077 0.00096459023188800 0.00000790143076301
v -0.03481812775135040 0.00156814779620618 -0.00491513451561332
v -0.03480623289942741 0.00178276037331671 0.00874094665050507
v -0.03480486199259758 0.00093335262499750 -0.00045682466588914
v -0.03480198606848717 0.00058942759642377 -0.00205642264336348
v -0.03480181843042374 0.00068787659984082 -0.00403907895088196
v -0.03480174392461777 0.00055717577924952 0.00206576357595623
v -0.03480093926191330 0.00063366431277245 0.00424090260639787
v -0.03479923307895660 0.00083486328367144 0.00712193036451936
v -0.03479865938425064 0.00090760242892429 0.00788770709186792
v -0.03478495404124260 0.00219891499727964 -0.00498305773362517
v -0.03478438034653664 0.00240500364452600 0.00881301052868366
v -0.03477963805198669 0.00057324918452650 -0.00203935150057077
v -0.03477913513779640 0.00054161297157407 0.00204879394732416
v -0.03474855795502663 0.00076135783456266 -0.00440731411799788
v -0.03473796695470810 0.00098502950277179 0.00824559759348631
v -0.03471073880791664 0.00084192637586966 -0.00092111795675009
v -0.03471057862043381 0.00082757719792426 0.00093477754853666
v -0.03470227494835854 0.00053406890947372 -0.00198619393631816
v -0.03470179438591003 0.00050329224904999 0.00199504010379314
v -0.03469850122928619 0.00103608623612672 0.00000844521673571
v -0.03461620584130287 0.00093885086243972 -0.00471525825560093
v -0.03460300341248512 0.00116103992331773 0.00854315329343081
v -0.03458904847502708 0.00114655611105263 0.00000929477027967
v -0.03458812087774277 0.00051129871280864 -0.00191999890375882
v -0.03458763286471367 0.00048157904529944 0.00192847696598619
v -0.03458167240023613 0.00091421935940161 -0.00090763211483136
v -0.03458153828978539 0.00090006046229973 0.00092239497462288
v -0.03456950560212135 0.00039119526627474 0.00246800342574716
v -0.03454098105430603 0.00202671880833805 0.00881006661802530
v -0.03453047201037407 0.00180823646951467 -0.00498609803617001
v -0.03451881557703018 0.00128530838992447 0.00001036797948473
v -0.03449463471770287 0.00145358941517770 0.00001129307383962
v -0.03449462354183197 0.00143892248161137 0.00001145286933024
v -0.03447737917304039 0.00102001149207354 -0.00090880854986608
v -0.03447724133729935 0.00100576458498836 0.00092519784811884
v -0.03446424007415771 0.00140023592393845 -0.00048096379032359
v -0.03446413576602936 0.00139248988125473 0.00050320231821388
v -0.03444955870509148 0.00030541309388354 0.00264371978119016
v -0.03442711010575294 0.00134168716613203 0.00074196065543219
v -0.03442400693893433 0.00119470735080540 -0.00491884676739573
v -0.03441222757101059 0.00141158280894160 0.00873954035341740
v -0.03440821915864944 0.00031782363657840 -0.00269585871137679
v -0.03440704569220543 0.00114994938485324 -0.00092453620163724
v -0.03440687432885170 0.00113534927368164 0.00094293133588508
v -0.03439888730645180 0.00054461881518364 -0.00183508649934083
v -0.03439826518297195 0.00051631749374792 0.00184401357546449
v -0.03437685221433640 0.00129250600002706 -0.00095364096341655
v -0.03437667712569237 0.00127738574519753 0.00097403652034700
v -0.03434957563877106 0.00056760443840176 -0.00181795377284288
v -0.03434922173619270 0.00053945707622916 0.00182732427492738
v -0.03433763235807419 0.00181186653207988 0.00880839396268129
v -0.03431367129087448 0.00120350811630487 0.00119876628741622
v -0.03426022082567215 0.00024317216593772 0.00247490173205733
v -0.03423895314335823 0.00114541035145521 -0.00139811006374657
v -0.03423877432942390 0.00112370064016432 0.00141622137743980
v -0.03422302752733231 0.00025444623315707 -0.00252624787390232
v -0.03420569375157356 0.00067844160366803 -0.00178325758315623
v -0.03420512378215790 0.00065105431713164 0.00179428688716143
v -0.03419964388012886 0.00149242486804724 -0.00498855579644442
v -0.03419720381498337 0.00169469497632235 0.00880748219788074
v -0.03415272757411003 0.00106610928196460 -0.00160977395717055
v -0.03415036201477051 0.00025953195290640 0.00240405392833054
v -0.03413847088813782 0.00076526781776920 -0.00177928770426661
v -0.03413837775588036 0.00073730148142204 0.00179165520239621
v -0.03412720561027527 0.00144055741839111 0.00168588128872216
v -0.03412720561027527 0.00146662513725460 -0.00166329520288855
v -0.03412719815969467 0.00101794535294175 0.00168260734062642
v -0.03411515057086945 0.00026948633603752 -0.00245416420511901
v -0.03408995643258095 0.00085981807205826 -0.00178755936212838
v -0.03408959507942200 0.00083214504411444 0.00180139811709523
v -0.03405562415719032 0.00098646618425846 -0.00181430228985846
v -0.03405541554093361 0.00095794221851975 0.00182980019599199
v -0.03404036536812782 0.00030677724862471 0.00234906002879143
v -0.03400671854615211 0.00031503222999163 -0.00239735771901906
v -0.03395913541316986 0.00000373567081624 -0.00321830017492175
v -0.03393786400556564 0.00038161841803230 0.00231373566202819
v -0.03390512987971306 0.00038797353045084 -0.00235970248468220
v -0.03386710584163666 -0.00004396004806040 0.00295695057138801
v -0.03385957330465317 0.00080067093949765 0.00216895551420748
v -0.03384997323155403 0.00047887201071717 0.00230053556151688
v -0.03381732106208801 0.00048333549057133 -0.00234377058222890
v -0.03378279879689217 0.00059177278308198 0.00231037032790482
v -0.03377795591950417 -0.00006260008376557 -0.00305227236822248
v -0.03376965224742889 -0.00002403059988865 0.00287602515891194
v -0.03374927490949631 0.00059460743796080 -0.00235064257867634
v -0.03370564058423042 0.00071420025778934 -0.00237985840067267
v -0.03368384763598442 -0.00004375335629447 -0.00296958652324975
v -0.03366942331194878 0.00002396200216026 0.00281203701160848
v -0.03366706892848015 -0.00025685899890959 0.00348198087885976
v -0.03358636796474457 0.00000251936899076 -0.00290322815999389
v -0.03357301279902458 0.00009684873657534 0.00276919198222458
v -0.03349177911877632 0.00007325161277549 -0.00285745388828218
v -0.03348676487803459 0.00018984283087775 0.00275031058117747
v -0.03341634571552277 0.00029682600870728 0.00275662937201560
v -0.03340614587068558 0.00016389903612435 -0.00283520505763590
v -0.03339519351720810 -0.00039613136323169 -0.00369661883451045
v -0.03336833044886589 0.00040525911026634 0.00278564519248903
v -0.03333496674895287 0.00026864928076975 -0.00283790263347328
v -0.03328282386064529 0.00038077833596617 -0.00286537152715027
v -0.03327099978923798 -0.00042805031989701 -0.00349051970988512
v -0.03316001221537590 0.00023662149033044 0.00298449001275003
v -0.03310511261224747 -0.00035855034366250 -0.00332753197290003
v -0.03309242427349091 0.00142991868779063 0.00305282487533987
v -0.03309242427349091 0.00147726351860911 -0.00303023844026029
v -0.03309204801917076 0.00018151673430111 0.00304343318566680
v -0.03309021517634392 0.00022748562332708 -0.00304195168428123
v -0.03304093331098557 -0.00071120326174423 0.00391573086380959
v -0.03301860764622688 -0.00029002278461121 -0.00327487871982157
v -0.03295458480715752 0.00006987791130086 0.00315476744435728
v -0.03293661773204803 -0.00020401176880114 -0.00324606546200812
v -0.03293391317129135 -0.00073037255788222 0.00370346242561936
v -0.03286404162645340 -0.00010565817501629 -0.00324280979111791
v -0.03286184370517731 -0.00070371216861531 0.00361114391125739
v -0.03281424939632416 -0.00081384036457166 -0.00405028322711587
v -0.03280522674322128 -0.00000084187047378 -0.00326530891470611
v -0.03278272971510887 -0.00065446662483737 0.00353535707108676
v -0.03277372941374779 -0.00083393469685689 -0.00394177623093128
v -0.03272418305277824 -0.00083210540469736 -0.00384675851091743
v -0.03270113840699196 -0.00058548705419526 0.00348047260195017
v -0.03265250846743584 -0.00080489582614973 -0.00374435284174979
v -0.03264463320374489 0.00145358918234706 0.00001129307202064
v -0.03264463320374489 0.00745340948924422 0.00005798852362204
v -0.03262177854776382 -0.00050074973842129 0.00344966072589159
v -0.03257850930094719 -0.00075736996950582 -0.00366635061800480
v -0.03254922851920128 -0.00040514816646464 0.00344469491392374
v -0.03250089660286903 -0.00069094751961529 -0.00360818789340556
v -0.03249048441648483 -0.00030898081604391 0.00346417585387826
v -0.03245994076132774 -0.00104110175743699 -0.00421767495572567
v -0.03244506195187569 -0.00100824097171426 -0.00436652498319745
v -0.03242745250463486 -0.00061335577629507 -0.00357416830956936
v -0.03241917863488197 -0.00105965335387737 -0.00409338530153036
v -0.03236298263072968 -0.00104737293440849 -0.00397445820271969
v -0.03235658630728722 0.00144522311165929 0.00108626054134220
v -0.03235658630728722 0.00146195525303483 -0.00106367433909327
v -0.03235658630728722 0.00744504341855645 0.00113295589108020
v -0.03235658630728722 0.00746177555993199 -0.00101697887293994
v -0.03235194832086563 -0.00051692535635084 -0.00356296938844025
v -0.03233088925480843 -0.00123184104450047 0.00424354476854205
v -0.03229526802897453 -0.00100511126220226 -0.00386919383890927
v -0.03228918835520744 -0.00103453558403999 0.00379111198708415
v -0.03228884562849998 -0.00041895126923919 -0.00357841374352574
v -0.03227564319968224 -0.00048548894119449 0.00357793038710952
v -0.03219743445515633 -0.00106229737866670 0.00787114351987839
v -0.03214169666171074 -0.00088639941532165 0.00369557249359787
v -0.03213933855295181 -0.00098830764181912 0.00822199415415525
v -0.03210463747382164 -0.00111713272053748 -0.00458602979779243
v -0.03210142999887466 -0.00116210384294391 -0.00452993018552661
v -0.03209780156612396 -0.00119794870261103 -0.00446606008335948
v -0.03207502141594887 -0.00124309887178242 -0.00432881526648998
v -0.03203336149454117 -0.00124998809769750 -0.00418878532946110
v -0.03200912475585938 -0.00070547795621678 0.00369680603034794
v -0.03200687095522881 -0.00081568997120485 0.00852018501609564
v -0.03199585154652596 -0.00080126628745347 0.00853685289621353
v -0.03197637945413589 -0.00121800892520696 -0.00405794288963079
v -0.03193965926766396 -0.00152124720625579 0.00436403462663293
v -0.03190894797444344 -0.00114991201553494 -0.00394747313112020
v -0.03188071399927139 -0.00151552073657513 0.00415126513689756
v -0.03183683380484581 -0.00105150381568819 -0.00386682664975524
v -0.03180845826864243 -0.00055527320364490 0.00872586201876402
v -0.03177452087402344 -0.00143313244916499 0.00397601258009672
v -0.03176620230078697 -0.00093121302779764 -0.00382288591936231
v -0.03170693293213844 -0.00079728971468285 -0.00381819647736847
v -0.03169709444046021 -0.00131367263384163 -0.00467437133193016
v -0.03169479966163635 -0.00138864549808204 -0.00453294347971678
v -0.03169015049934387 -0.00126172392629087 -0.00473521044477820
v -0.03167800605297089 -0.00120183744002134 -0.00478731095790863
v -0.03167137503623962 -0.00141909706871957 -0.00437754392623901
v -0.03164179623126984 -0.00129015115089715 0.00387247186154127
v -0.03162920847535133 -0.00140187737997621 -0.00422408804297447
v -0.03159593045711517 -0.00027512345695868 0.00879215169698000
v -0.03158039599657059 0.00142363039776683 0.00386099773459136
v -0.03158039599657059 0.00148355145938694 -0.00383841129951179
v -0.03157262876629829 -0.00133877212647349 -0.00408829795196652
v -0.03156963363289833 0.00143909791950136 0.00187319132965058
v -0.03156963363289833 0.00146808021236211 -0.00185060512740165
v -0.03156963363289833 0.00743891810998321 0.00191988667938858
v -0.03156963363289833 0.00746789854019880 -0.00180390977766365
v -0.03151148557662964 -0.00111881096381694 0.00385997793637216
v -0.03129812702536583 -0.00154121825471520 -0.00460116378962994
v -0.03129706904292107 -0.00150163797661662 -0.00469460943713784
v -0.03129471465945244 -0.00155738927423954 -0.00453598005697131
v -0.03129430487751961 -0.00155831663869321 -0.00453073577955365
v -0.03128314018249512 -0.00141837447881699 -0.00480905687436461
v -0.03127694875001907 -0.00131518335547298 0.00391261512413621
v -0.03127020597457886 -0.00155930127948523 -0.00435906276106834
v -0.03126120567321777 -0.00132877088617533 -0.00488345883786678
v -0.03124650008976460 -0.00184464093763381 0.00409067329019308
v -0.03123989328742027 -0.00125435134395957 -0.00492328777909279
v -0.03122934512794018 -0.00158368505071849 -0.00457430677488446
v -0.03122765757143497 -0.00150448875501752 -0.00420011114329100
v -0.03121748752892017 -0.00159115181304514 -0.00439645210281014
v -0.03120998106896877 -0.00121460284572095 -0.00494353752583265
v -0.03120750188827515 -0.00146990211214870 -0.00414677709341049
v -0.03120129555463791 -0.00152776855975389 -0.00474139815196395
v -0.03117179684340954 -0.00140046444721520 -0.00407312251627445
v -0.03116725198924541 -0.00154923915397376 -0.00423047319054604
v -0.03115415200591087 -0.00167505384888500 -0.00455212919041514
v -0.03114001452922821 -0.00167314487043768 -0.00438253162428737
v -0.03113694302737713 -0.00143056246452034 -0.00487647671252489
v -0.03113357536494732 -0.00131700118072331 -0.00401754491031170
v -0.03112952224910259 -0.00170638412237167 0.00398116186261177
v -0.03112212568521500 -0.00164239038713276 -0.00471606990322471
v -0.03110933303833008 -0.00125975662376732 -0.00399328349158168
v -0.03110901452600956 -0.00108059996273369 -0.00499039608985186
v -0.03109537996351719 -0.00128059368580580 -0.00495403911918402
v -0.03108501434326172 -0.00146326585672796 -0.00409751571714878
v -0.03108137287199497 -0.00163689407054335 -0.00422692392021418
v -0.03104791976511478 -0.00109921535477042 -0.00397024443373084
v -0.03104768134653568 -0.00157895940355957 -0.00485537387430668
v -0.03103502839803696 -0.00184783956501633 -0.00450637051835656
v -0.03102303668856621 -0.00133846257813275 -0.00496093509718776
v -0.03101761266589165 -0.00183163431938738 -0.00466206436976790
v -0.03099463321268559 -0.00092907756334171 -0.00500740204006433
v -0.03099463321268559 0.00649235257878900 -0.00494964234530926
v -0.03099463321268559 0.00683996034786105 -0.00488439062610269
v -0.03099463321268559 0.00720045669004321 -0.00464788917452097
v -0.03099463321268559 0.00742787634953856 -0.00428159628063440
v -0.03099463321268559 0.00748453941196203 -0.00394189031794667
v -0.03098500147461891 -0.00157049135304987 -0.00410334626212716
v -0.03098126687109470 -0.00134420616086572 -0.00401446176692843
v -0.03096103109419346 -0.00178897555451840 -0.00480273133143783
v -0.03092535957694054 -0.00155799777712673 -0.00494181318208575
v -0.03089759312570095 -0.00203783111646771 -0.00444790953770280
v -0.03089614957571030 -0.00203564623370767 -0.00459591904655099
v -0.03088966198265553 -0.00203255750238895 -0.00439680088311434
v -0.03088906966149807 -0.00203025504015386 -0.00463804369792342
v -0.03087582252919674 -0.00172759115230292 -0.00490990094840527
v -0.03086659871041775 -0.00201671523973346 -0.00431352993473411
v -0.03086315281689167 -0.00201103184372187 -0.00472744414582849
v -0.03086208924651146 -0.00148164306301624 -0.00402608187869191
v -0.03086105361580849 -0.00200948701240122 -0.00473287375643849
v -0.03081889450550079 -0.00169318437110633 -0.00495702121406794
v -0.03080992400646210 -0.00126877322327346 -0.00399756990373135
v -0.03079969249665737 -0.00196988671086729 -0.00418475177139044
v -0.03079939074814320 -0.00196451647207141 -0.00484660081565380
v -0.03079573437571526 -0.00237790914252400 0.00450584804639220
v -0.03079423680901527 -0.00237530679441988 0.00442628236487508
v -0.03077689372003078 -0.00235142279416323 0.00430624280124903
v -0.03076083213090897 -0.00219242135062814 -0.00465912930667400
v -0.03074618428945541 -0.00156083633191884 -0.00502489274367690
v -0.03074259124696255 -0.00230518612079322 0.00419780891388655
v -0.03071736730635166 -0.00215979875065386 -0.00477854907512665
v -0.03071187622845173 -0.00226406147703528 0.00413583405315876
v -0.03068326041102409 -0.00188752810936421 -0.00407185219228268
v -0.03066572919487953 -0.00141951942350715 -0.00506674870848656
v -0.03066202998161316 -0.00142495310865343 -0.00506808515638113
v -0.03064652904868126 0.00649283826351166 -0.00501218531280756
v -0.03064394183456898 -0.00236382754519582 -0.00446504401043057
v -0.03063921257853508 -0.00236396188847721 -0.00458445958793163
v -0.03063444606959820 -0.00216085067950189 0.00404031388461590
v -0.03062736243009567 -0.00234485277906060 -0.00434822123497725
v -0.03062475658953190 0.00684047676622868 -0.00495084514841437
v -0.03061343729496002 -0.00234524277038872 -0.00469964509829879
v -0.03061131946742535 -0.00213011167943478 0.00402250047773123
v -0.03061038255691528 -0.00183571269735694 -0.00403509987518191
v -0.03059041872620583 -0.00230811466462910 -0.00424066698178649
v -0.03056504577398300 -0.00164004904218018 -0.00401228526607156
v -0.03054340742528439 0.00720108719542623 -0.00472895940765738
v -0.03053522109985352 -0.00225571962073445 -0.00414852239191532
v -0.03049680590629578 -0.00251956423744559 -0.00450544478371739
v -0.03049463406205177 -0.00197540456429124 0.00398472696542740
v -0.03049463406205177 -0.00175312813371420 -0.00401378516107798
v -0.03049463406205177 0.00142245867755264 0.00401117186993361
v -0.03049463406205177 0.00143685680814087 0.00216122809797525
v -0.03049463406205177 0.00147032097447664 -0.00213864189572632
v -0.03049463406205177 0.00148471922148019 -0.00398858590051532
v -0.03049463406205177 0.00638499902561307 0.00884398538619280
v -0.03049463406205177 0.00688602542504668 0.00871390663087368
v -0.03049463406205177 0.00725488830357790 0.00835074111819267
v -0.03049463406205177 0.00739275105297565 0.00785179901868105
v -0.03049463406205177 0.00740671390667558 0.00605780677869916
v -0.03049463406205177 0.00743667548522353 0.00220792344771326
v -0.03049463406205177 0.00747014116495848 -0.00209194631315768
v -0.03049463219940662 0.01238481700420380 0.00889068096876144
v -0.03049463219940662 0.01240656245499849 0.00609671929851174
v -0.03049286641180515 -0.00250764726661146 -0.00439811451360583
v -0.03048465400934219 -0.00251454510726035 -0.00461270334199071
v -0.03047302737832069 -0.00247936067171395 -0.00429572584107518
v -0.03046492487192154 -0.00219065556302667 -0.00407705456018448
v -0.03044201247394085 -0.00235002813860774 -0.00497214309871197
v -0.03043821081519127 -0.00243601994588971 -0.00420306203886867
v -0.03042404353618622 -0.00212255725637078 -0.00513749616220593
v -0.03041851334273815 0.00740969227626920 0.00567513518035412
v -0.03041851148009300 0.01240953989326954 0.00571404770016670
v -0.03041851148009300 0.01253802701830864 0.00573732657358050
v -0.03041851148009300 0.01267019566148520 0.00581933138892055
v -0.03041851148009300 0.01275881007313728 0.00594716146588326
v -0.03041851148009300 0.01276748813688755 0.00889365933835506
v -0.03041851148009300 0.01278923358768225 0.00609969766810536
v -0.03041651844978333 0.00742868427187204 -0.00438546435907483
v -0.03040132857859135 -0.00254035205580294 -0.00476835528388619
v -0.03039331734180450 -0.00200044829398394 -0.00520150084048510
v -0.03038354404270649 -0.00211664056405425 -0.00403033941984177
v -0.03034880757331848 -0.00187596771866083 -0.00525126280263066
v -0.03033405728638172 -0.00265276315622032 -0.00442407373338938
v -0.03033056110143661 -0.00266066868789494 -0.00452080694958568
v -0.03032601438462734 -0.00263013341464102 -0.00432999618351460
v -0.03029572777450085 -0.00203790306113660 -0.00401105219498277
v -0.03028420358896255 0.00649465760216117 -0.00524586671963334
v -0.03027709387242794 -0.00254462729208171 -0.00416367733851075
v -0.03024668991565704 0.00748566770926118 -0.00408700667321682
v -0.03023976832628250 0.00684241019189358 -0.00519914226606488
v -0.03020174056291580 0.00741221616044641 0.00535072153434157
v -0.03020173870027065 0.01241206470876932 0.00538963405415416
v -0.03020173870027065 0.01264947932213545 0.00543264811858535
v -0.03020173870027065 0.01289369352161884 0.00558417383581400
v -0.03020173870027065 0.01305743120610714 0.00582037167623639
v -0.03020173870027065 0.01309190131723881 0.00889618415385485
v -0.03020173870027065 0.01311364583671093 0.00610222294926643
v -0.03019123151898384 -0.00241701770573854 -0.00404659053310752
v -0.03015307150781155 -0.00271803070791066 -0.00500542856752872
v -0.03009954094886780 -0.00244359322823584 -0.00550702586770058
v -0.03009788319468498 -0.00221110158599913 -0.00557486340403557
v -0.03008160926401615 -0.00257011107169092 0.00399715639650822
v -0.03008114360272884 -0.00226629269309342 -0.00399634940549731
v -0.03007374890148640 0.00720344390720129 -0.00503186509013176
v -0.03005393967032433 0.00649749487638474 -0.00561036728322506
v -0.03004849888384342 -0.00266264588572085 -0.00541719468310475
v -0.03003017418086529 -0.00286606489680707 -0.00483051687479019
v -0.03000937961041927 -0.00230326852761209 -0.00584702799096704
v -0.02999510429799557 0.00684542488306761 -0.00558644020929933
v -0.02999474480748177 -0.00168116309214383 0.00876920670270920
v -0.02999467216432095 -0.00192603631876409 0.00871600024402142
v -0.02999463491141796 -0.00214907317422330 0.00862666405737400
v -0.02999463491141796 -0.00192526483442634 -0.00934593565762043
v -0.02999463491141796 -0.00190194626338780 0.01063215080648661
v -0.02999463491141796 -0.00160032336134464 0.01263001468032598
v -0.02999463491141796 -0.00151118845678866 0.01283391285687685
v -0.02999463491141796 -0.00148767954669893 0.00878271460533142
v -0.02999463491141796 -0.00140354363247752 -0.01265343185514212
v -0.02999463491141796 -0.00131347472779453 -0.01285298168659210
v -0.02999463491141796 -0.00127862428780645 0.01302444562315941
v -0.02999463491141796 -0.00107995048165321 -0.01304076705127954
v -0.02999463491141796 -0.00092639104695991 0.01310858502984047
v -0.02999463491141796 -0.00072224519681185 -0.01312145683914423
v -0.02999463491141796 0.00650013424456120 -0.00594961224123836
v -0.02999463304877281 0.01235118601471186 0.01321192272007465
v -0.02999463304877281 0.01238481700420380 0.00889068096876144
v -0.02999463304877281 0.01249995268881321 -0.00590291712433100
v -0.02999463304877281 0.01255532819777727 -0.01301812008023262
v -0.02999463118612766 -0.00229727500118315 -0.00601807842031121
v -0.02999449521303177 -0.00231387605890632 -0.00601956062018871
v -0.02999449521303177 -0.00193911453243345 -0.00936836749315262
v -0.02997686155140400 -0.00214290153235197 0.01024780143052340
v -0.02997402474284172 -0.00242004357278347 0.00394724449142814
v -0.02996882610023022 -0.00162563542835414 -0.01269362308084965
v -0.02996325120329857 0.00684183789417148 -0.00569838890805840
v -0.02996175363659859 -0.00173813896253705 0.01295313797891140
v -0.02996175177395344 -0.00153631833381951 -0.01297866366803646
v -0.02996055781841278 0.01275876350700855 -0.00590090267360210
v -0.02994834817945957 -0.00153921137098223 0.01321838609874249
v -0.02994834817945957 -0.00133328326046467 -0.01324078254401684
v -0.02994777075946331 -0.00285542383790016 -0.00531065044924617
v -0.02993317134678364 0.00696503836661577 -0.00560080586001277
v -0.02993282303214073 0.01249725837260485 -0.00555681064724922
v -0.02993279136717319 -0.00252229557372630 0.00838756002485752
v -0.02992992103099823 -0.00125360593665391 0.01341336499899626
v -0.02992992103099823 -0.00104467989876866 -0.01343129202723503
v -0.02992906607687473 -0.00274000619538128 -0.00572288315743208
v -0.02992528304457664 -0.00266169151291251 -0.00605051731690764
v -0.02992513030767441 -0.00228553265333176 -0.00941512733697891
v -0.02992275357246399 -0.00092928757658228 0.01348085515201092
v -0.02992275357246399 -0.00071934866718948 -0.01349372602999210
v -0.02992275170981884 0.01255822647362947 -0.01339038927108049
v -0.02991851232945919 0.01293800119310617 -0.01301514171063900
v -0.02991176582872868 0.01255843136459589 -0.01341668795794249
v -0.02991064079105854 0.00703285541385412 -0.00554428948089480
v -0.02990509569644928 0.01234796736389399 0.01362549979239702
v -0.02990509569644928 0.01250648032873869 0.01359525043517351
v -0.02990509569644928 0.01264135260134935 0.01350664161145687
v -0.02990509569644928 0.01273204945027828 0.01337316539138556
v -0.02990509569644928 0.01276476215571165 0.01321514137089252
v -0.02990003302693367 -0.00201919232495129 0.01269910205155611
v -0.02989582717418671 0.01293162629008293 -0.01323316991329193
v -0.02989436127245426 0.00748710520565510 -0.00427173078060150
v -0.02988615818321705 0.01273583434522152 -0.00551621057093143
v -0.02987747453153133 -0.00186568300705403 -0.01273706462234259
v -0.02987731806933880 0.00741390278562903 0.00513395527377725
v -0.02987731620669365 0.01241375133395195 0.00517286779358983
v -0.02987731620669365 0.01272394973784685 0.00522906845435500
v -0.02987731620669365 0.01304302830249071 0.00542704621329904
v -0.02987731620669365 0.01325696520507336 0.00573565391823649
v -0.02987731620669365 0.01330866850912571 0.00889787171036005
v -0.02987731620669365 0.01333041302859783 0.00610391004011035
v -0.02986217662692070 -0.00194025237578899 0.01308808289468288
v -0.02986217662692070 -0.00173630530480295 -0.01311673782765865
v -0.02986065670847893 0.01285117026418447 0.01321581378579140
v -0.02986065670847893 0.01288480125367641 0.00889457296580076
v -0.02985049784183502 -0.00271086068823934 0.00822587125003338
v -0.02984159067273140 -0.00248393439687788 0.01029261853545904
v -0.02984118275344372 0.01273865532130003 -0.01351786404848099
v -0.02982817031443119 0.00720068672671914 -0.00539167784154415
v -0.02981478907167912 0.00743170408532023 -0.00477354973554611
v -0.02981171943247318 -0.00300551066175103 -0.00517644500359893
v -0.02981017157435417 -0.00293299276381731 -0.00567617453634739
v -0.02980950847268105 -0.00169863994233310 0.01344721298664808
v -0.02980950847268105 -0.00148913357406855 -0.01347206253558397
v -0.02976324968039989 -0.00223149755038321 0.01273411884903908
v -0.02976324968039989 -0.00203302269801497 -0.01276734843850136
v -0.02975899167358875 0.01314472407102585 -0.00589789869263768
v -0.02974697388708591 0.00730296550318599 -0.00528456829488277
v -0.02973837219178677 -0.00134381675161421 0.01371464692056179
v -0.02973837219178677 -0.00113019114360213 -0.01373394019901752
v -0.02972932159900665 -0.00297297793440521 -0.00607822323217988
v -0.02972875721752644 -0.00259546656161547 -0.00945696234703064
v -0.02972680889070034 0.01256062928587198 -0.01369921490550041
v -0.02970278449356556 -0.00211384682916105 0.01320399250835180
v -0.02970278449356556 -0.00190807494800538 -0.01323533430695534
v -0.02970173954963684 0.01249445043504238 -0.00519583187997341
v -0.02970173954963684 0.01326241437345743 -0.01301261689513922
v -0.02969925291836262 -0.00114125874824822 0.01380148343741894
v -0.02969164401292801 0.01312396768480539 -0.00554967578500509
v -0.02967915125191212 0.01318825688213110 -0.01337983272969723
v -0.02967441827058792 0.01267656683921814 -0.00519108958542347
v -0.02966070361435413 0.01256113313138485 -0.01376398559659719
v -0.02965634316205978 -0.00093222403666005 0.01385832298547029
v -0.02965634316205978 -0.00071641226531938 -0.01387119479477406
v -0.02965634129941463 0.01256116293370724 -0.01376785803586245
v -0.02965524420142174 0.01329613849520683 -0.01313974708318710
v -0.02965289540588856 -0.00178066792432219 -0.01345778070390224
v -0.02965251915156841 0.01234532333910465 0.01396501623094082
v -0.02965251915156841 0.01263396628201008 0.01390993315726519
v -0.02965251915156841 0.01287955883890390 0.01374858524650335
v -0.02965251915156841 0.01304470933973789 0.01350553333759308
v -0.02965251915156841 0.01310427952557802 0.01321778353303671
v -0.02964727021753788 -0.00322126341052353 0.00416951673105359
v -0.02963268943130970 -0.00326474476605654 0.00434507708996534
v -0.02962025254964828 -0.00313098891638219 0.00401444267481565
v -0.02961039729416370 0.01323942467570305 -0.01340907439589500
v -0.02960394136607647 -0.00218610255979002 0.01325223967432976
v -0.02960360050201416 -0.00310216960497200 -0.00592016521841288
v -0.02960263006389141 -0.00116433424409479 -0.01385477837175131
v -0.02959659881889820 -0.00309265055693686 -0.00608888501301408
v -0.02959619276225567 -0.00303215254098177 0.00785459112375975
v -0.02959607355296612 -0.00285590579733253 -0.00836112815886736
v -0.02959576249122620 -0.00271452590823174 -0.00947303324937820
v -0.02959548868238926 -0.00275130243971944 0.01031280029565096
v -0.02959459647536278 -0.00238968501798809 0.01276020985096693
v -0.02959459647536278 -0.00219078455120325 -0.01279589813202620
v -0.02959164604544640 -0.00182594649959356 0.01362992916256189
v -0.02959164418280125 -0.00161357852630317 -0.01365673821419477
v -0.02957305870950222 0.01302779093384743 -0.01368310209363699
v -0.02956178411841393 0.00143851316533983 0.00194831739645451
v -0.02956178411841393 0.00146866450086236 -0.00192573131062090
v -0.02956178411841393 0.00743833370506763 0.00199501309543848
v -0.02956178411841393 0.00746848480775952 -0.00187903584446758
v -0.02955526858568192 -0.00300587341189384 0.00390020175836980
v -0.02952166460454464 -0.00162899075075984 0.01379902102053165
v -0.02949997782707214 0.01307031884789467 -0.00525537738576531
v -0.02949463389813900 0.00741449557244778 0.00505783734843135
v -0.02949463203549385 0.01241434365510941 0.00509674986824393
v -0.02949463203549385 0.01275009941309690 0.00515758059918880
v -0.02949463203549385 0.01309546828269958 0.00537187000736594
v -0.02949463203549385 0.01321718376129866 0.01321866270154715
v -0.02949463203549385 0.01325081661343575 0.00889742188155651
v -0.02949463203549385 0.01332703046500683 0.00570590468123555
v -0.02949463203549385 0.01338478550314903 0.00889846403151751
v -0.02949463203549385 0.01340653188526630 0.00610450189560652
v -0.02949455380439758 -0.00203978852368891 -0.01332621090114117
v -0.02949453890323639 -0.00224693538621068 0.01329286117106676
v -0.02949092537164688 0.00745782442390919 -0.00507397623732686
v -0.02948708645999432 -0.00071547040715814 -0.01399177033454180
v -0.02946557290852070 0.01275886129587889 -0.01387648470699787
v -0.02946080453693867 -0.00286233355291188 0.00384191656485200
v -0.02945941500365734 -0.00187352544162422 0.01369821652770042
v -0.02945941500365734 -0.00166008924134076 -0.01372575853019953
v -0.02945182844996452 -0.00217125099152327 0.01343242358416319
v -0.02944612689316273 -0.00140808091964573 0.01392925716936588
v -0.02944612689316273 -0.00119110418017954 -0.01394952461123466
v -0.02942760661244392 -0.00332760741002858 -0.00415886752307415
v -0.02941346913576126 -0.00188898644410074 -0.01356906909495592
v -0.02941249869763851 0.01340843364596367 -0.00589584652334452
v -0.02941229008138180 -0.00290434155613184 0.00382828176952899
v -0.02940887212753296 0.00142363016493618 0.00386099773459136
v -0.02940887212753296 0.00148355111014098 -0.00383841129951179
v -0.02940739132463932 -0.00323906284756958 -0.00400631362572312
v -0.02940727584064007 -0.00337144895456731 -0.00432970188558102
v -0.02937731519341469 0.01347917970269918 -0.01301093026995659
v -0.02936839684844017 -0.00117309228517115 0.01401741616427898
v -0.02936497516930103 0.01339378673583269 -0.00565011752769351
v -0.02935795858502388 0.01259009167551994 -0.00497562577947974
v -0.02934924513101578 -0.00311702955514193 -0.00389120914041996
v -0.02934074960649014 0.01249265018850565 -0.00496475398540497
v -0.02932870015501976 0.01337366923689842 -0.01348579395562410
v -0.02931884862482548 -0.00191483297385275 0.01374322641640902
v -0.02931703254580498 0.01347507443279028 -0.01324200723320246
v -0.02931561507284641 -0.00169418519362807 -0.01377614960074425
v -0.02928213402628899 0.01234373170882463 0.01416967343539000
v -0.02928213402628899 0.01271081529557705 0.01409962121397257
v -0.02928213402628899 0.01302314735949039 0.01389442570507526
v -0.02928213402628899 0.01323318015784025 0.01358532533049583
v -0.02928213402628899 0.01330893579870462 0.01321937609463930
v -0.02927417121827602 -0.00120958336628973 -0.01401490066200495
v -0.02926043234765530 -0.00297683943063021 -0.00382813252508640
v -0.02924868091940880 -0.00093391729751602 0.01407574862241745
v -0.02924868091940880 -0.00071471912087873 -0.01408861950039864
v -0.02924867905676365 0.01256285607814789 -0.01398528274148703
v -0.02924463339149952 0.00749256741255522 -0.00497361319139600
v -0.02922972291707993 0.01335592847317457 -0.00544244050979614
v -0.02921351976692677 0.01299204304814339 -0.00506033981218934
v -0.02920428290963173 -0.00167819415219128 0.01391733158379793
v -0.02919740788638592 0.01340551115572453 -0.01350399106740952
v -0.02918511256575584 0.01318380702286959 -0.01377226319164038
v -0.02914971671998501 0.01288588438183069 -0.01394907664507627
v -0.02911471202969551 -0.00126672582700849 -0.01403256226330996
v -0.02909272909164429 -0.00121940544340760 -0.01404930185526609
v -0.02909261919558048 -0.00143763830419630 0.01402792427688837
v -0.02908308990299702 -0.00071449298411608 -0.01411750726401806
v -0.02908080630004406 -0.00237330095842481 -0.01326476503163576
v -0.02908080443739891 -0.00257947784848511 0.01322618033736944
v -0.02904494106769562 -0.00262177479453385 -0.01272863894701004
v -0.02904491126537323 -0.00281959841959178 0.01268624700605869
v -0.02902757748961449 0.01330069079995155 -0.00530480965971947
v -0.02899463474750519 0.00749232107773423 -0.00494185974821448
v -0.02899463288486004 0.01249216869473457 -0.00490294722840190
v -0.02899463288486004 0.01256311219185591 -0.01401808951050043
v -0.02899463288486004 0.01287543494254351 -0.00497608724981546
v -0.02899463288486004 0.01320153474807739 -0.00519032822921872
v -0.02899463288486004 0.01335115451365709 0.01321970578283072
v -0.02899463288486004 0.01338478550314903 0.00889846403151751
v -0.02899463288486004 0.01342082582414150 -0.00551305478438735
v -0.02899463288486004 0.01342354808002710 -0.01351429987698793
v -0.02899463288486004 0.01349049620330334 -0.00576571095734835
v -0.02899463288486004 0.01349992305040359 -0.00589513452723622
v -0.02899463288486004 0.01355529855936766 -0.01301033701747656
v -0.02897876314818859 -0.00096427247626707 -0.01410589087754488
v -0.02897874265909195 -0.00118366477545351 0.01408913917839527
v -0.02896225266158581 0.01352277584373951 -0.01326911058276892
v -0.02894707210361958 0.01327208150178194 0.01359881740063429
v -0.02894707210361958 0.01348213572055101 -0.01339063514024019
v -0.02893176488578320 0.01342183165252209 -0.01351331733167171
v -0.02890675142407417 0.01305281091481447 0.01391902845352888
v -0.02890675142407417 0.01326787471771240 -0.01371422037482262
v -0.02890641056001186 0.01305003743618727 0.01392172742635012
v -0.02890419401228428 -0.00101285905111581 0.01410211995244026
v -0.02887981198728085 0.01272672228515148 0.01413158979266882
v -0.02887981198728085 0.01294513512402773 -0.01393183041363955
v -0.02887968160212040 0.01272417977452278 0.01413260772824287
v -0.02887035347521305 -0.00071452290285379 -0.01411367394030094
v -0.02887035161256790 -0.00093411363195628 0.01410080213099718
v -0.02887035161256790 0.01234346348792315 0.01420413888990879
v -0.02887035161256790 0.01256305072456598 -0.01401033718138933
v -0.02881369553506374 0.00144315755460411 0.00135175557807088
v -0.02881369553506374 0.00146402372047305 -0.00132916937582195
v -0.02881369553506374 0.00744297588244081 0.00139845092780888
v -0.02881369553506374 0.00746384030207992 -0.00128247402608395
v -0.02881238609552383 -0.00209834403358400 -0.01370952278375626
v -0.02881238423287868 -0.00231147767044604 0.01367516256868839
v -0.02857357636094093 -0.00391484843567014 -0.00365885696373880
v -0.02857336960732937 -0.00396973686292768 0.00359569489955902
v -0.02856853976845741 -0.00406388752162457 0.00372859439812601
v -0.02856837585568428 -0.00400588242337108 -0.00379243027418852
v -0.02854247018694878 -0.00379744707606733 -0.00355206360109150
v -0.02854137681424618 -0.00384942046366632 0.00349057046696544
v -0.02852736972272396 -0.00412180460989475 0.00387511821463704
v -0.02852736786007881 -0.00406099110841751 -0.00393884209915996
v -0.02851784974336624 -0.00387757155112922 0.00754439225420356
v -0.02851529605686665 -0.00380987278185785 0.00825603678822517
v -0.02851529605686665 -0.00368091370910406 -0.00831434596329927
v -0.02849460393190384 -0.00305314618162811 -0.01266130525618792
v -0.02849460020661354 -0.00324984942562878 0.01261221058666706
v -0.02847827039659023 -0.00366593035869300 -0.00348325795494020
v -0.02847826853394508 -0.00371969444677234 0.00342573644593358
v -0.02847046405076981 -0.00170252786483616 -0.01397643331438303
v -0.02847046218812466 -0.00191986071877182 0.01394820213317871
v -0.02839853987097740 0.00144986703526229 0.00048969860654324
v -0.02839853987097740 0.00145731400698423 -0.00046711240429431
v -0.02839853987097740 0.00744968559592962 0.00053639401448891
v -0.02839853987097740 0.00745713245123625 -0.00042041699634865
v -0.02835282869637012 -0.00315382564440370 0.01312053576111794
v -0.02834936231374741 -0.00294624269008636 -0.01317760720849037
v -0.02834499254822731 -0.00425325985997915 0.00378176732920110
v -0.02829605527222157 -0.00148756359703839 -0.01402670610696077
v -0.02829605340957642 -0.00170570879708976 0.01400181371718645
v -0.02827421948313713 -0.00408336101099849 0.00710174348205328
v -0.02827421948313713 -0.00397227844223380 -0.00716501660645008
v -0.02821093797683716 -0.00324501306749880 -0.01265923865139484
v -0.02813977003097534 -0.00150522543117404 0.01400484796613455
v -0.02813927829265594 -0.00128744507674128 -0.01402656082063913
v -0.02813769318163395 -0.00330655300058424 0.01309240050613880
v -0.02813629060983658 -0.00310334702953696 -0.01314211823046207
v -0.02808498963713646 -0.00288740894757211 0.01357525773346424
v -0.02808100357651711 -0.00267124059610069 -0.01362237054854631
v -0.02802466973662376 -0.00354424095712602 0.01260252203792334
v -0.02801919169723988 -0.00403483118861914 0.00311067677102983
v -0.02801886014640331 -0.00398589624091983 -0.00317287934012711
v -0.02801347337663174 -0.00420553656294942 0.00314030656591058
v -0.02801041677594185 -0.00415772711858153 -0.00320308352820575
v -0.02800022996962070 -0.00434738025069237 0.00323469541035593
v -0.02799690514802933 -0.00429818639531732 -0.00329959671944380
v -0.02796283736824989 -0.00441521918401122 -0.00362654984928668
v -0.02794908359646797 -0.00445498293265700 0.00335720391012728
v -0.02794547006487846 -0.00440390221774578 -0.00342370057478547
v -0.02789976447820663 -0.00409245397895575 0.00301233888603747
v -0.02789933048188686 -0.00404502218589187 -0.00307534146122634
v -0.02789684198796749 0.00142991810571402 0.00305282487533987
v -0.02789684198796749 0.00147726293653250 -0.00303023844026029
v -0.02789500355720520 -0.00302228145301342 0.01355041004717350
v -0.02789379097521305 -0.00281190103851259 -0.01359565276652575
v -0.02776591666042805 -0.00455755135044456 0.00342435366474092
v -0.02774096652865410 -0.00249330908991396 0.01385059859603643
v -0.02773916907608509 -0.00227535353042185 -0.01388929318636656
v -0.02761600911617279 -0.00415234500542283 -0.00280974269844592
v -0.02761596441268921 -0.00351837556809187 -0.01264313142746687
v -0.02758789621293545 -0.00260197161696851 0.01383057981729507
v -0.02758694812655449 -0.00238715787418187 -0.01386929303407669
v -0.02756481245160103 -0.00227697682566941 0.01390512380748987
v -0.02756480686366558 -0.00206035585142672 -0.01393957063555717
v -0.02754704095423222 -0.00421414384618402 0.00267127924598753
v -0.02753041125833988 -0.00421817786991596 0.00265300669707358
v -0.02749446779489517 -0.00440009403973818 0.00265990803018212
v -0.02748897485435009 -0.00435963133350015 -0.00272208708338439
v -0.02743709832429886 -0.00455693528056145 0.00273857149295509
v -0.02743113413453102 -0.00451537081971765 -0.00280298758298159
v -0.02740807645022869 -0.00186019623652101 -0.01393943093717098
v -0.02740807272493839 -0.00207693874835968 0.01390874851495028
v -0.02738520503044128 -0.00378160132095218 0.01257648132741451
v -0.02737773954868317 -0.00463416334241629 -0.00319328601472080
v -0.02733773551881313 -0.00466899015009403 0.00284648826345801
v -0.02733123674988747 -0.00462574092671275 -0.00291245058178902
v -0.02730227261781693 -0.00464929221197963 0.00433659367263317
v -0.02730227075517178 -0.00458118040114641 -0.00440930482000113
v -0.02729952707886696 -0.00470202881842852 0.00305174896493554
v -0.02729914337396622 -0.00465404894202948 -0.00312427640892565
v -0.02729474939405918 -0.00446297693997622 0.00713139818981290
v -0.02729474939405918 -0.00435138586908579 -0.00720056844875216
v -0.02728360146284103 -0.00417599268257618 0.00991766247898340
v -0.02728360146284103 -0.00402108626440167 -0.00998173560947180
v -0.02726969867944717 -0.00361165683716536 -0.01262807287275791
v -0.02726960554718971 -0.00380769907496870 0.01257065963000059
v -0.02724067121744156 -0.00381350633688271 0.01256915181875229
v -0.02723963186144829 -0.00361770810559392 -0.01262659206986427
v -0.02720985934138298 -0.00472086342051625 0.00296900607645512
v -0.02720286697149277 -0.00467553781345487 -0.00303555605933070
v -0.02716736309230328 -0.00370402354747057 0.01296776719391346
v -0.02716626413166523 -0.00350194447673857 -0.01302371826022863
v -0.02714946679770947 -0.00423835078254342 -0.00222621229477227
v -0.02712514437735081 -0.00423992238938808 -0.00218866765499115
v -0.02708836272358894 -0.00427441392093897 0.00206375471316278
v -0.02705253846943378 -0.00446704914793372 0.00207711430266500
v -0.02704594470560551 -0.00443468429148197 -0.00213584699667990
v -0.02703880332410336 -0.00337304710410535 0.01344043575227261
v -0.02703784406185150 -0.00316366902552545 -0.01349117793142796
v -0.02695725485682487 -0.00463396869599819 0.00213663396425545
v -0.02695011347532272 -0.00460079638287425 -0.00219762255437672
v -0.02692559361457825 -0.00385802774690092 0.01255135703831911
v -0.02692174538969994 -0.00366258900612593 -0.01260931883007288
v -0.02689921483397484 -0.00288418331183493 0.01374212093651295
v -0.02689845487475395 -0.00267018051818013 -0.01378525700420141
v -0.02686206065118313 0.00144055648706853 0.00168588128872216
v -0.02686206065118313 0.00146662420593202 -0.00166329508647323
v -0.02686201781034470 -0.00426456751301885 0.00164138374384493
v -0.02686201781034470 -0.00423846580088139 -0.00170760136097670
v -0.02685793861746788 -0.00213447795249522 -0.01387265697121620
v -0.02685419470071793 -0.00235100509598851 0.01383723877370358
v -0.02681515179574490 -0.00473116617649794 -0.00262205372564495
v -0.02681357227265835 -0.00474329292774200 0.00222541252151132
v -0.02680576220154762 -0.00470865471288562 -0.00228772172704339
v -0.02676674723625183 -0.00423007877543569 -0.00148311606608331
v -0.02676632814109325 -0.00425259023904800 0.00141597585752606
v -0.02671982720494270 -0.00443958258256316 -0.00149329844862223
v -0.02670922689139843 -0.00448360526934266 0.00142582261469215
v -0.02667205221951008 -0.00452352315187454 -0.00150863779708743
v -0.02665792219340801 -0.00477701192721725 0.00234731053933501
v -0.02663618326187134 -0.00474053202196956 -0.00239159818738699
v -0.02662584558129311 -0.00423080986365676 0.00098305556457490
v -0.02660866640508175 -0.00435786414891481 0.00098272995091975
v -0.02659631147980690 -0.00463193561881781 0.00146179436706007
v -0.02659538760781288 -0.00460979435592890 -0.00153511005919427
v -0.02655652537941933 -0.00466420594602823 0.00147553835995495
v -0.02652993053197861 -0.00452501885592937 0.00099704694002867
v -0.02650205045938492 -0.00420508300885558 -0.00027207066887058
v -0.02649490907788277 -0.00420596916228533 -0.00004092387462151
v -0.02649463340640068 0.00145358848385513 0.00001129306656367
v -0.02649351395666599 -0.00450556259602308 -0.00091573258396238
v -0.02648521214723587 -0.00433230679482222 -0.00027320522349328
v -0.02641744539141655 -0.00450606271624565 0.00036594268749468
v -0.02641696110367775 -0.00473362114280462 0.00152609206270427
v -0.02641662023961544 -0.00470951711758971 -0.00160070962738246
v -0.02640501782298088 -0.00449950806796551 -0.00027817668160424
v -0.02639964222908020 -0.00465067289769650 0.00102648651227355
v -0.02636220864951611 -0.00463080173358321 -0.00094265851657838
v -0.02634060569107533 -0.00474930088967085 0.00155494280625135
v -0.02633561007678509 -0.00473329424858093 -0.00191620097029954
v -0.02628401480615139 -0.00463163247331977 0.00037678491207771
v -0.02627123892307281 -0.00462493859231472 -0.00028631908935495
v -0.02624551951885223 -0.00216589891351759 -0.01379619166254997
v -0.02624551765620708 -0.00238037342205644 0.01376076973974705
v -0.02623404935002327 -0.00472011975944042 0.00106734083965421
v -0.02621635980904102 -0.00472006062045693 -0.00167803536169231
v -0.02621587552130222 -0.00474553694948554 0.00160323013551533
v -0.02620874531567097 -0.00462559238076210 0.00500309839844704
v -0.02620816044509411 -0.00451902439817786 -0.00544943055137992
v -0.02620469033718109 -0.00443951645866036 -0.00639651482924819
v -0.02620415203273296 -0.00453844619914889 0.00632656365633011
v -0.02619514428079128 -0.00469961669296026 -0.00097851874306798
v -0.02619287185370922 -0.00431653670966625 0.00877898093312979
v -0.02619087696075439 -0.00412880489602685 -0.00924983900040388
v -0.02617874741554260 -0.00286923605017364 0.01366364769637585
v -0.02617521025240421 -0.00268787029199302 -0.01369480416178703
v -0.02616863884031773 -0.00363307399675250 -0.01255666092038155
v -0.02616863697767258 -0.00382807408459485 0.01249855197966099
v -0.02614267170429230 -0.00352684338577092 -0.01289570145308971
v -0.02613850869238377 -0.00333718839101493 0.01337973866611719
v -0.02613755129277706 -0.00367549480870366 0.01294761337339878
v -0.02613595686852932 -0.00318564451299608 -0.01337838172912598
v -0.02612145990133286 -0.00473243417218328 0.00133447709959000
v -0.02611387707293034 -0.00470078596845269 0.00039234262658283
v -0.02610059827566147 -0.00469387974590063 -0.00029661529697478
v -0.02605781704187393 -0.00472336448729038 0.00111351150553674
v -0.02601721882820129 -0.00470210984349251 -0.00101795978844166
v -0.02591169252991676 -0.00469692517071962 -0.00014000099326950
v -0.02491021342575550 -0.00452630314975977 -0.00003622255462687
v -0.02480804920196533 -0.00451032817363739 0.00092451076488942
v -0.02480757050216198 -0.00449526682496071 -0.00099602574482560
v -0.02474624291062355 -0.00446738861501217 -0.00003572556306608
v -0.02464734017848969 -0.00445184996351600 0.00088723679073155
v -0.02464687637984753 -0.00443737907335162 -0.00095778721151873
v -0.02461245469748974 -0.00435576448217034 -0.00003482229658403
v -0.02452501840889454 -0.00420505832880735 -0.00003362319330336
v -0.02451669238507748 -0.00434013037011027 0.00085425481665879
v -0.02451624162495136 -0.00432618567720056 -0.00092301884433255
v -0.02451293729245663 -0.00445030536502600 0.00182600866537541
v -0.02451205998659134 -0.00442112330347300 -0.00189649767708033
v -0.02449463494122028 0.00145358813460916 0.00001129306474468
v -0.02449462935328484 -0.00403349753469229 -0.00003228817877243
v -0.02443204075098038 -0.00418892130255699 0.00082959322025999
v -0.02443160302937031 -0.00417537847533822 -0.00089597050100565
v -0.02440383285284042 -0.00401669275015593 0.00081628857878968
v -0.02440340816974640 -0.00400337530300021 -0.00087997154332697
v -0.02436179853975773 -0.00439365720376372 0.00175265187863261
v -0.02436094731092453 -0.00436563370749354 -0.00182221166323870
v -0.02424030378460884 -0.00428216019645333 0.00168751354794949
v -0.02423948049545288 -0.00425516394898295 -0.00175529567059129
v -0.02416365407407284 -0.00412990478798747 0.00163875671569258
v -0.02416285499930382 -0.00410368526354432 -0.00170413753949106
v -0.02414164133369923 -0.00395597890019417 0.00161236373241991
v -0.02414084412157536 -0.00393018312752247 -0.00167506199795753
v -0.02412720769643784 0.00144055613782257 0.00168588128872216
v -0.02412720769643784 0.00146662385668606 -0.00166329508647323
v -0.02405376732349396 -0.00435428228229284 0.00262399087660015
v -0.02405274473130703 -0.00431267265230417 -0.00269286939874291
v -0.02391795441508293 -0.00430064788088202 0.00251757260411978
v -0.02391696535050869 -0.00426071090623736 -0.00258557195775211
v -0.02381094172596931 -0.00418966636061668 0.00242333603091538
v -0.02380998618900776 -0.00415121205151081 -0.00248956913128495
v -0.02374662458896637 -0.00403591012582183 0.00235354178585112
v -0.02374569699168205 -0.00399855989962816 -0.00241735368035734
v -0.02373348176479340 -0.00385938375256956 0.00231735152192414
v -0.02373257279396057 -0.00382260722108185 -0.00237840204499662
v -0.02346586063504219 -0.00423235958442092 0.00329187046736479
v -0.02346470393240452 -0.00418035499751568 -0.00335856806486845
v -0.02335046045482159 -0.00418264977633953 0.00315634557045996
v -0.02334934473037720 -0.00413277233019471 -0.00322223501279950
v -0.02326241694390774 -0.00407242402434349 0.00303694559261203
v -0.02326133847236633 -0.00402441713958979 -0.00310108996927738
v -0.02321367524564266 -0.00391683122143149 0.00294991745613515
v -0.02321262843906879 -0.00387019338086247 -0.00301161990500987
v -0.02321107499301434 -0.00373706128448248 0.00290712947025895
v -0.02321005798876286 -0.00369111006148160 -0.00296601583249867
v -0.02309242635965347 0.00142991752363741 0.00305282487533987
v -0.02309242635965347 0.00147726223804057 -0.00303023844026029
v -0.02309224382042885 -0.00366220902651548 -0.00307039474137127
v -0.02309224009513855 -0.00370961474254727 0.00301298568956554
v -0.02278167009353638 -0.00409394875168800 0.00381748843938112
v -0.02278064936399460 -0.00403382116928697 -0.00388178718276322
v -0.02269114926457405 -0.00404879823327065 0.00365746184252203
v -0.02269016951322556 -0.00399117544293404 -0.00372103415429592
v -0.02264463528990746 0.00145358790177852 0.00001129306292569
v -0.02264463528990746 0.00745340809226036 0.00005798851634609
v -0.02262578159570694 -0.00393950566649437 0.00351736554875970
v -0.02262483164668083 -0.00388407707214355 -0.00357921631075442
v -0.02260288596153259 -0.00359833263792098 0.00337140262126923
v -0.02259485423564911 -0.00378185277804732 0.00341719528660178
v -0.02259393408894539 -0.00372800161130726 -0.00347657850943506
v -0.02257815748453140 -0.00353928050026298 -0.00344218616373837
v -0.02235658839344978 0.00144522183109075 0.00108626054134220
v -0.02235658839344978 0.00146195397246629 -0.00106367433909327
v -0.02235658839344978 0.00744504202157259 0.00113295589108020
v -0.02235658839344978 0.00746177416294813 -0.00101697887293994
v -0.02202859893441200 -0.00394694181159139 0.00419584522023797
v -0.02202814072370529 -0.00388106727041304 -0.00425722729414701
v -0.02196686342358589 -0.00390672823414207 0.00401648366823792
v -0.02196642383933067 -0.00384365348145366 -0.00407724361866713
v -0.02193353697657585 -0.00345113221555948 0.00370550178922713
v -0.02193294093012810 -0.00339290825650096 -0.00375924911350012
v -0.02192718908190727 -0.00379850110039115 0.00386054581031203
v -0.02192676812410355 -0.00373786687850952 -0.00391962425783277
v -0.02191547676920891 -0.00363866612315178 0.00375137059018016
v -0.02191506698727608 -0.00357974832877517 -0.00380796380341053
v -0.02158039435744286 0.00142362923361361 0.00386099773459136
v -0.02158039435744286 0.00148355017881840 -0.00383841129951179
v -0.02156963571906090 0.00143909675534815 0.00187319132965058
v -0.02156963571906090 0.00146807893179357 -0.00185060512740165
v -0.02156963571906090 0.00743891717866063 0.00191988667938858
v -0.02156963571906090 0.00746789760887623 -0.00180390977766365
v -0.02123074233531952 -0.00379791622981429 0.00442442018538713
v -0.02123071998357773 -0.00372858974151313 -0.00448302365839481
v -0.02122439816594124 -0.00330201350152493 0.00390728050842881
v -0.02120107039809227 -0.00376277463510633 0.00423149019479752
v -0.02120104804635048 -0.00369645259343088 -0.00428957026451826
v -0.02119762822985649 -0.00349364336580038 0.00395083706825972
v -0.02119760587811470 -0.00343172368593514 -0.00400476343929768
v -0.02118944004178047 -0.00365568231791258 0.00406493991613388
v -0.02118941769003868 -0.00359196704812348 -0.00412137387320399
v -0.02110796794295311 -0.00321861985139549 -0.00397788779810071
v -0.02049463242292404 -0.00315627455711365 0.00397553667426109
v -0.02049463242292404 -0.00309401401318610 -0.00402422109618783
v -0.02049463242292404 0.00142245739698410 0.00401117186993361
v -0.02049463242292404 0.00143685564398766 0.00216122809797525
v -0.02049463242292404 0.00147031981032342 -0.00213864189572632
v -0.02049463242292404 0.00148471794091165 -0.00398858590051532
v -0.02049463242292404 0.00743667408823967 0.00220792344771326
v -0.02049463242292404 0.00747014023363590 -0.00209194631315768
v -0.02047413587570190 -0.00321264704689384 -0.00403990736231208
v -0.02046091482043266 -0.00335192144848406 0.00401507038623095
v -0.02046091482043266 -0.00328902341425419 -0.00406679557636380
v -0.02044709771871567 -0.00336872600018978 -0.00411193538457155
v -0.02043273299932480 -0.00351608777418733 0.00413013482466340
v -0.02043273299932480 -0.00345137878321111 -0.00418440066277981
v -0.02041467651724815 -0.00362202874384820 0.00430169980973005
v -0.02041467651724815 -0.00355463521555066 -0.00435759406536818
v -0.02040973678231239 -0.00365220382809639 0.00450180610641837
v -0.02040973678231239 -0.00358169549144804 -0.00455814553424716
v -0.02034181356430054 -0.00325007038190961 0.00398681173101068
v -0.02031268179416656 -0.00340773980133235 0.00405594939365983
v -0.02028786018490791 -0.00353104341775179 0.00417443411424756
v -0.02026992663741112 -0.00360730849206448 0.00432923668995500
v -0.01981050521135330 -0.00325530534610152 -0.00405629118904471
v -0.01977174729108810 -0.00337729393504560 -0.00417545158416033
v -0.01975852251052856 -0.00295629515312612 -0.00395484967157245
v -0.01975851133465767 -0.00301749119535089 0.00390831381082535
v -0.01973514258861542 -0.00345004675909877 -0.00433100853115320
v -0.01970564201474190 -0.00346398842521012 -0.00450164638459682
v -0.01948925107717514 -0.00349839776754379 0.00440750317648053
v -0.01941963285207748 0.00143909640610218 0.00187319132965058
v -0.01941963285207748 0.00146807869896293 -0.00185060512740165
v -0.01941963285207748 0.00743891671299934 0.00191988667938858
v -0.01941963285207748 0.00746789714321494 -0.00180390977766365
v -0.01940887048840523 0.00142362888436764 0.00386099773459136
v -0.01940887048840523 0.00148354994598776 -0.00383841129951179
v -0.01925307139754295 -0.00286788237281144 -0.00382495834492147
v -0.01923123002052307 -0.00299046700820327 -0.00383523246273398
v -0.01919581741094589 -0.00291707995347679 0.00376072432845831
v -0.01918569952249527 -0.00315090408548713 -0.00390038592740893
v -0.01917398720979691 -0.00303996959701180 0.00376884709112346
v -0.01912955567240715 -0.00327355111949146 -0.00401530601084232
v -0.01912766322493553 -0.00320158060640097 0.00383103056810796
v -0.01906990259885788 -0.00332604930736125 0.00394346984103322
v -0.01906919106841087 -0.00334506970830262 -0.00416661798954010
v -0.01903973147273064 -0.00283209816552699 -0.00374827906489372
v -0.01903971284627914 -0.00289008975960314 0.00370369595475495
v -0.01900730282068253 -0.00339980004355311 0.00409302907064557
v -0.01894860342144966 -0.00341286300681531 0.00425868667662144
v -0.01887408271431923 -0.00333505985327065 -0.00428477162495255
v -0.01864241808652878 -0.00289555336348712 -0.00358611554838717
v -0.01863268017768860 0.00144522136542946 0.00108626054134220
v -0.01863268017768860 0.00146195350680500 -0.00106367433909327
v -0.01863268017768860 0.00744504155591130 0.00113295589108020
v -0.01863268017768860 0.00746177369728684 -0.00101697887293994
v -0.01858891919255257 -0.00305781094357371 -0.00364585663191974
v -0.01851612702012062 -0.00318105472251773 -0.00375356175936759
v -0.01843259483575821 -0.00325155770406127 -0.00389638263732195
v -0.01841129362583160 -0.00330862426199019 0.00383410579524934
v -0.01836092025041580 -0.00272450759075582 -0.00340474699623883
v -0.01836090162396431 -0.00277716922573745 0.00336187472566962
v -0.01834463328123093 0.00145358743611723 0.00001129305837821
v -0.01834463328123093 0.00745340762659907 0.00005798851270811
v -0.01812657713890076 -0.00273982249200344 0.00320247444324195
v -0.01810593903064728 -0.00286545022390783 0.00320650590583682
v -0.01810117438435555 -0.00328593631274998 0.00386366038583219
v -0.01809218153357506 -0.00281321071088314 -0.00324052362702787
v -0.01804552227258682 -0.00303000956773758 0.00325729954056442
v -0.01803158968687057 -0.00297699752263725 -0.00329368608072400
v -0.01795755326747894 -0.00315528269857168 0.00335319526493549
v -0.01794323325157166 -0.00310077611356974 -0.00339121720753610
v -0.01789702102541924 -0.00270402524620295 0.00302080530673265
v -0.01789702102541924 -0.00265668309293687 -0.00306256674230099
v -0.01789684221148491 0.00142991682514548 0.00305282487533987
v -0.01789684221148491 0.00147726165596396 -0.00303023844026029
v -0.01785259693861008 -0.00322704180143774 0.00348251871764660
v -0.01783772185444832 -0.00317049468867481 -0.00352125382050872
v -0.01774758845567703 -0.00263587338849902 -0.00292815710417926
v -0.01774756982922554 -0.00268112611956894 0.00288671767339110
v -0.01774582266807556 -0.00323527050204575 0.00362650328315794
v -0.01773031800985336 -0.00317643606103957 -0.00366492546163499
v -0.01755649596452713 -0.00291309389285743 -0.00287554785609245
v -0.01749463379383087 0.00741449370980263 0.00505783734843135
v -0.01749463379383087 0.00749231968075037 -0.00494185974821448
v -0.01749463193118572 0.01241434179246426 0.00509674986824393
v -0.01749463193118572 0.01249216776341200 -0.00490294722840190
v -0.01749463193118572 0.01279642246663570 0.00517584616318345
v -0.01749463193118572 0.01287543307989836 -0.00497608724981546
v -0.01749463193118572 0.01311914902180433 0.00539513723924756
v -0.01749463193118572 0.01320153288543224 -0.00519032822921872
v -0.01749463193118572 0.01333339046686888 0.00572123797610402
v -0.01749463193118572 0.01340653095394373 0.00610450189560652
v -0.01749463193118572 0.01342082396149635 -0.00551305478438735
v -0.01749463193118572 0.01349992118775845 -0.00589513452723622
v -0.01749449595808983 -0.00314658554270864 -0.00347608258016407
v -0.01747999340295792 -0.00264088320545852 0.00260853534564376
v -0.01747159659862518 -0.00308539159595966 0.00293029379099607
v -0.01745485514402390 -0.00303731579333544 -0.00296087004244328
v -0.01734780892729759 -0.00315638980828226 0.00304399942979217
v -0.01733041927218437 -0.00310652167536318 -0.00307502551004291
v -0.01725215092301369 -0.00260729389265180 0.00232193293049932
v -0.01723531261086464 -0.00256874156184494 -0.00233876379206777
v -0.01723343506455421 -0.00273463991470635 0.00232338276691735
v -0.01721663773059845 -0.00269607943482697 -0.00234215240925550
v -0.01716225966811180 -0.00290100555866957 0.00235905172303319
v -0.01714526116847992 -0.00286190025508404 -0.00238002231344581
v -0.01704960316419601 -0.00302668032236397 0.00242856866680086
v -0.01703212782740593 -0.00298649771139026 -0.00245078187435865
v -0.01693603396415710 -0.00312500679865479 0.00285581988282502
v -0.01690937206149101 -0.00309706944972277 0.00252326251938939
v -0.01689121499657631 -0.00305539323017001 -0.00254561845213175
v -0.01688900217413902 -0.00265752291306853 -0.00179065810516477
v -0.01688320189714432 -0.00252700177952647 -0.00173926411662251
v -0.01687659882009029 0.01241510361433029 0.00499886553734541
v -0.01687659882009029 0.01249140594154596 -0.00480506336316466
v -0.01686228439211845 -0.00255073956213892 0.00165506545454264
v -0.01686206087470055 0.00144055520649999 0.00168588128872216
v -0.01686206087470055 0.00146662292536348 -0.00166329508647323
v -0.01685307733714581 0.01279721222817898 0.00507423654198647
v -0.01685307733714581 0.01287464145570993 -0.00487447762861848
v -0.01684235036373138 -0.00306967343203723 -0.00278547778725624
v -0.01681367680430412 -0.00282398075796664 -0.00181966542731971
v -0.01678608916699886 0.01312002260237932 0.00528291845694184
v -0.01678608916699886 0.01320065930485725 -0.00507810944691300
v -0.01676239445805550 -0.00253621092997491 0.00141895958222449
v -0.01676224917173386 -0.00310214888304472 0.00262913387268782
v -0.01672926545143127 0.00749113410711288 -0.00478962343186140
v -0.01672926358878613 0.01249098405241966 -0.00475071091204882
v -0.01671643182635307 -0.00298114027827978 0.00187832617666572
v -0.01669203117489815 -0.00252584973350167 0.00122126494534314
v -0.01669127866625786 -0.00294889532960951 -0.00187389005441219
v -0.01668583787977695 0.01333438791334629 0.00559314154088497
v -0.01668583787977695 0.01341982651501894 -0.00538495834916830
v -0.01667473092675209 -0.00265401904471219 0.00122127158101648
v -0.01666805520653725 -0.00250414106994867 -0.00118445302359760
v -0.01665081456303596 -0.00263232504948974 -0.00118638400454074
v -0.01659683510661125 -0.00282116513699293 0.00123934657312930
v -0.01657263189554214 -0.00279921432957053 -0.00120586564298719
v -0.01656758226454258 0.01340767275542021 0.00595767609775066
v -0.01656758226454258 0.01349877752363682 -0.00574830826371908
v -0.01656318455934525 -0.00305105838924646 0.00195184967014939
v -0.01653705164790154 -0.00301765208132565 -0.00194653496146202
v -0.01651273667812347 -0.00249119009822607 -0.00039968467899598
v -0.01649463549256325 -0.00249195704236627 -0.00001942076778505
v -0.01649463549256325 0.00145358720328659 0.00001129305655923
v -0.01649463549256325 0.00741657847538590 0.00478989630937576
v -0.01649463362991810 0.01241642795503139 0.00482880882918835
v -0.01647783070802689 -0.00262035266496241 -0.00002043433960353
v -0.01646838337182999 -0.00294689438305795 0.00127574859652668
v -0.01644791662693024 -0.00279852771200240 0.00061828398611397
v -0.01644350588321686 -0.00292439293116331 -0.00124193250667304
v -0.01639756932854652 -0.00278761447407305 -0.00002173642860726
v -0.01637386158108711 -0.00302042998373508 -0.00202680681832135
v -0.01631906069815159 0.01241731457412243 0.00471479538828135
v -0.01631906069815159 0.01248919498175383 -0.00452099274843931
v -0.01631531119346619 -0.00292418291792274 0.00063628080533817
v -0.01630543917417526 -0.00301644089631736 0.00132588448468596
v -0.01627958938479424 -0.00299315876327455 -0.00129004847258329
v -0.01627431996166706 0.01279950793832541 0.00477935466915369
v -0.01627431996166706 0.01287234760820866 -0.00457959575578570
v -0.01626355946063995 -0.00291314558126032 -0.00002271405355714
v -0.01617966964840889 -0.00302616436965764 0.00152089074254036
v -0.01614690385758877 0.01312255673110485 0.00495724705979228
v -0.01614690385758877 0.01319812517613173 -0.00475243804976344
v -0.01614638417959213 -0.00299343816004694 0.00066148297628388
v -0.01611188426613808 -0.00299621024169028 -0.00136471923906356
v -0.01610527187585831 -0.00299564981833100 -0.00134304293897003
v -0.01609260961413383 -0.00298216775991023 -0.00002325207606191
v -0.01608042046427727 0.00748776085674763 -0.00435609137639403
v -0.01596631482243538 -0.00299633922986686 0.00069012504536659
v -0.01595621369779110 0.01333727966994047 0.00522139016538858
v -0.01595621369779110 0.01341693475842476 -0.00501320697367191
v -0.01591021940112114 -0.00298476428724825 -0.00002327325637452
v -0.01587659679353237 0.01242075767368078 0.00427234498783946
v -0.01587659679353237 0.01248575188219547 -0.00407854281365871
v -0.01581501401960850 0.01280308235436678 0.00432006455957890
v -0.01581501401960850 0.01286877226084471 -0.00412030564621091
v -0.01576258242130280 0.00742227723821998 0.00405786745250225
v -0.01576258055865765 0.01242212485522032 0.00409677997231483
v -0.01573127694427967 0.01341098826378584 0.00553157040849328
v -0.01573127694427967 0.01349546201527119 -0.00532220304012299
v -0.01564687490463257 0.00748271076008677 -0.00370726455003023
v -0.01563964225351810 0.01312650367617607 0.00445000175386667
v -0.01563964225351810 0.01319417636841536 -0.00424519274383783
v -0.01559251733124256 0.01242509763687849 0.00371482572518289
v -0.01559251733124256 0.01248141285032034 -0.00352102308534086
v -0.01552012376487255 0.01280758529901505 0.00374132581055164
v -0.01552012376487255 0.01286426745355129 -0.00354156666435301
v -0.01549463253468275 0.00743005890399218 0.00305789778940380
v -0.01549463253468275 0.00745340716093779 0.00005798850907013
v -0.01549463253468275 0.00747675402089953 -0.00294192065484822
v -0.01549463160336018 0.01242990698665380 0.00309681054204702
v -0.01549463160336018 0.01245325524359941 0.00009690133447293
v -0.01549463160336018 0.01247660256922245 -0.00290300766937435
v -0.01541851274669170 0.01281257998198271 0.00309978891164064
v -0.01541851274669170 0.01285927556455135 -0.00290002953261137
v -0.01537717692553997 0.01334178727120161 0.00464237434789538
v -0.01537717692553997 0.01341242715716362 -0.00443419115617871
v -0.01531396247446537 0.01313147973269224 0.00381083530373871
v -0.01531396247446537 0.01318920217454433 -0.00360602629370987
v -0.01520173810422421 0.01313699316233397 0.00310231372714043
v -0.01520173810422421 0.01318368874490261 -0.00289750471711159
v -0.01506758294999599 0.01341615337878466 0.00486789504066110
v -0.01506758294999599 0.01349029596894979 -0.00465852767229080
v -0.01500541530549526 0.01334746461361647 0.00391277158632874
v -0.01500541530549526 0.01340674888342619 -0.00370458839461207
v -0.01487731747329235 0.01335375849157572 0.00310400081798434
v -0.01487731747329235 0.01340045407414436 -0.00289581785909832
v -0.01464146189391613 0.01342266332358122 0.00403161579743028
v -0.01464146189391613 0.01348378695547581 -0.00382224819622934
v -0.01449463330209255 0.01342987734824419 0.00310459313914180
v -0.01449463330209255 0.01347657293081284 -0.00289522530511022
v -0.01310763787478209 0.00500139314681292 0.01217261701822281
v -0.01310763787478209 0.00519025046378374 -0.01209333725273609
v -0.01310763787478209 0.00925892125815153 0.01220575347542763
v -0.01310763787478209 0.00944777671247721 -0.01206020265817642
v -0.01297276373952627 0.01013049948960543 -0.01203799434006214
v -0.01297128852456808 0.00994609668850899 0.01219402253627777
v -0.01291027292609215 0.00409294478595257 0.01214082539081573
v -0.01290738210082054 0.00427361577749252 -0.01207538787275553
v -0.01266197115182877 0.00386227853596210 -0.01204784959554672
v -0.01265964657068253 0.00367078045383096 0.01210614759474993
v -0.01258264388889074 0.01071838848292828 -0.01198455411940813
v -0.01258195471018553 0.01053086761385202 0.01214980706572533
v -0.01249463390558958 0.00500679714605212 0.01147806458175182
v -0.01249463390558958 0.00518484460189939 -0.01139878574758768
v -0.01249463390558958 0.00926432479172945 0.01151120010763407
v -0.01249463390558958 0.00944237224757671 -0.01136565022170544
v -0.01249453332275152 0.00499039888381958 0.01147790253162384
v -0.01247129123657942 0.00474339490756392 0.01147135533392429
v -0.01245585735887289 0.00973215885460377 -0.01135547552257776
v -0.01241131033748388 0.00968431401997805 0.01149739138782024
v -0.01239614468067884 0.00989698618650436 -0.01134208776056767
v -0.01235811319202185 0.00455982331186533 -0.01137856952846050
v -0.01233497634530067 0.00332807027734816 0.01206281315535307
v -0.01233497634530067 0.00351542001590133 -0.01200959179550409
v -0.01230144873261452 0.00427076593041420 0.01143712922930717
v -0.01219073683023453 0.00427924003452063 -0.01135000493377447
v -0.01217338349670172 0.01004182733595371 0.01145140640437603
v -0.01217044051736593 0.01022160332649946 -0.01129286084324121
v -0.01199308689683676 0.01092407479882240 0.01207910757511854
v -0.01199212949723005 0.01111101172864437 -0.01190753281116486
v -0.01198974996805191 -0.00058148929383606 0.01190419029444456
v -0.01198931038379669 -0.00039606730570085 -0.01191178336739540
v -0.01196781918406487 0.00386613677255809 0.01137240696698427
v -0.01196781918406487 0.00404267432168126 -0.01131089404225349
v -0.01194949820637703 -0.00104944151826203 0.01162027940154076
v -0.01194905862212181 -0.00086838210700080 -0.01163518987596035
v -0.01194852963089943 -0.00138774805236608 0.01118815317749977
v -0.01194809004664421 -0.00121337198652327 -0.01120838057249784
v -0.01181352417916059 0.01028234232217073 0.01137951947748661
v -0.01180570106953382 0.01046152506023645 -0.01121669448912144
v -0.01139463391155005 0.01036604586988688 0.01129431370645761
v -0.01139463391155005 0.01054058410227299 -0.01113164145499468
v -0.01130763720721006 0.01106062065809965 0.01199431344866753
v -0.01130763720721006 0.01124596875160933 -0.01182074472308159
v -0.01022887229919434 0.00153453717939556 0.01178505178540945
v -0.01022887229919434 0.00171778001822531 -0.01175977941602468
v -0.00986171513795853 0.00207260390743613 0.01109464466571808
v -0.00986171513795853 0.00224503455683589 -0.01106108166277409
v -0.00966849550604820 0.00193328375462443 0.01105753052979708
v -0.00940884649753571 0.00109579914715141 0.01167892385274172
v -0.00939917564392090 0.00127406348474324 -0.01165930740535259
v -0.00939364731311798 0.00127250666264445 -0.01165862753987312
v -0.00929602608084679 0.00194226077292114 -0.01095951627939939
v -0.00917852669954300 0.00174335576593876 0.01096687093377113
v -0.00896912440657616 0.00188736140262336 -0.01089988835155964
v -0.00892553851008415 0.00101316440850496 0.01161774341017008
v -0.00891973078250885 0.00119379488751292 -0.01159987878054380
v -0.00865131616592407 0.00173466803971678 0.01086965389549732
v -0.00865131616592407 0.00190364103764296 -0.01084137707948685
v -0.00845362246036530 0.00103809393476695 0.01155882608145475
v -0.00845362246036530 0.00121787539683282 -0.01154130883514881
v 0.00193043821491301 0.00216308003291488 0.01026691216975451
v 0.00194007926620543 0.00232415646314621 -0.01023082062602043
v 0.00281018042005599 0.00196184474043548 -0.01003970112651587
v 0.00281032943166792 0.00180536799598485 0.01006896328181028
v 0.00281782075762749 0.00098315870855004 -0.00888127274811268
v 0.00285045430064201 0.00148953357711434 -0.00976310484111309
v 0.00285060331225395 0.00133741961326450 0.00978504959493876
v 0.00285143777728081 0.00114454736467451 -0.00933629460632801
v 0.00285158678889275 0.00099911680445075 0.00935292150825262
v 0.00304843112826347 0.00088198785670102 0.00886676833033562
v 0.01508603617548943 0.00293755205348134 -0.00732339359819889
v 0.01582637801766396 0.00294262054376304 0.00727595482021570
v 0.02849106118083000 0.00771926390007138 0.00626391125842929
v 0.02849106118083000 0.00781582482159138 -0.00614304421469569
v 0.02868875488638878 0.00702268816530704 0.00695308344438672
v 0.02868875488638878 0.00713005894795060 -0.00684297597035766
v 0.02879640087485313 0.00791129469871521 -0.00607971800491214
v 0.02880268171429634 0.00781877897679806 0.00620081508532166
v 0.02906156703829765 0.00799652282148600 0.00614913506433368
v 0.02906156703829765 0.00809126533567905 -0.00602396670728922
v 0.02918838337063789 0.00728658121079206 -0.00677917618304491
v 0.02919865772128105 0.00718520348891616 0.00689048040658236
v 0.02962231263518333 0.00747580453753471 0.00683967676013708
v 0.02962231263518333 0.00758135924115777 -0.00672252895310521
v 0.03039985708892345 0.01040678191930056 0.00605960469692945
v 0.03039985708892345 0.01049983873963356 -0.00589693244546652
v 0.03047972731292248 0.01049323752522469 -0.00587296625599265
v 0.03048685751855373 0.01110135577619076 0.00675960397347808
v 0.03048685751855373 0.01120522245764732 -0.00658603664487600
v 0.03049689345061779 0.01039750222116709 0.00603044359013438
v 0.03057253919541836 0.01046864688396454 -0.00584524730220437
v 0.03057258389890194 0.01037640497088432 0.00600748462602496
v 0.03069212846457958 0.01040473673492670 -0.00580977788195014
v 0.03070101700723171 0.01030661631375551 0.00596834626048803
v 0.03073824755847454 0.00953951012343168 0.00595112936571240
v 0.03073824755847454 0.00963098090142012 -0.00580196874216199
v 0.03075302205979824 0.01035296265035868 -0.00579186528921127
v 0.03084088675677776 0.01115151587873697 -0.00654210988432169
v 0.03084335289895535 0.01104751974344254 0.00671453122049570
v 0.03084511868655682 0.01013529393821955 0.00592378899455070
v 0.03084546886384487 0.01022538729012012 -0.00576504692435265
v 0.03085614554584026 0.00979469902813435 -0.00576520664617419
v 0.03086029551923275 0.00971294660121202 0.00591596448794007
v 0.03089985810220242 0.00990796834230423 0.00590534601360559
v 0.03089985810220242 0.00999868288636208 -0.00575043074786663
v 0.03116720728576183 0.01099285110831261 -0.00650247139856219
v 0.03116891346871853 0.01088927313685417 0.00667252158746123
v 0.03129899129271507 0.00901879183948040 0.00664167013019323
v 0.03129899129271507 0.00912107527256012 -0.00650053098797798
v 0.03138611093163490 0.00691767223179340 0.00661440519616008
v 0.03138640895485878 0.00701983179897070 -0.00650593545287848
v 0.03143068775534630 0.01074554957449436 -0.00647139269858599
v 0.03143159672617912 0.01064217928797007 0.00663769571110606
v 0.03145487233996391 0.00650531519204378 -0.00640760688111186
v 0.03145832195878029 0.00520378071814775 0.00271337945014238
v 0.03145832195878029 0.00524538289755583 -0.00263209384866059
v 0.03145832940936089 0.00512745697051287 0.00003988682146883
v 0.03145847097039223 0.00546476989984512 0.00532505149021745
v 0.03145847097039223 0.00554699078202248 -0.00523938750848174
v 0.03147368505597115 0.00621884502470493 0.00641845958307385
v 0.03149180486798286 0.00605699000880122 -0.00614008400589228
v 0.03149196878075600 0.00596067262813449 0.00623351894319057
v 0.03149336203932762 0.00572707457467914 -0.00574046280235052
v 0.03149711713194847 0.00574612570926547 0.00599885545670986
v 0.03151762112975121 0.00928772520273924 0.00661637913435698
v 0.03151794895529747 0.00939013436436653 -0.00647101132199168
v 0.03160757198929787 0.01043258607387543 -0.00645167240872979
v 0.03160810843110085 0.01032975595444441 0.00661315489560366
v 0.03165286406874657 0.00962021667510271 0.00660202698782086
v 0.03165307268500328 0.00972275901585817 -0.00645149732008576
v 0.03168450668454170 0.00997953396290541 0.00660086004063487
v 0.03168450668454170 0.01008187886327505 -0.00644476572051644
v 0.03195677325129509 0.00555837340652943 0.00527206249535084
v 0.03210921213030815 0.00706380791962147 0.00652497028931975
v 0.03214881196618080 0.00568185746669769 -0.00516404444351792
v 0.03286441043019295 0.00738509651273489 -0.00631796382367611
v 0.03289247676730156 0.00729554099962115 0.00642866501584649
v 0.03292389586567879 0.00555050047114491 0.00264464924111962
v 0.03292389586567879 0.00559099111706018 -0.00255797547288239
v 0.03293744102120399 0.00547719420865178 0.00004260874629836
v 0.03301225230097771 0.00691500306129456 -0.00621817167848349
v 0.03304197266697884 0.00682759471237659 0.00632135616615415
v 0.03313036635518074 0.00646204780787230 -0.00593170523643494
v 0.03316166624426842 0.00637970305979252 0.00602767802774906
v 0.03318792209029198 0.00613109441474080 -0.00549769634380937
v 0.03322036936879158 0.00605594646185637 0.00558843417093158
v 0.03327467665076256 0.00593134062364697 0.00513334898278117
v 0.03338741138577461 0.00605132384225726 -0.00502783944830298
v 0.03348342701792717 0.00762336421757936 -0.00623857323080301
v 0.03388887271285057 0.00726580293849111 -0.00610563904047012
v 0.03391997888684273 0.00718434527516365 0.00621415674686432
v 0.03405181691050529 0.00683077983558178 -0.00581341749057174
v 0.03408449515700340 0.00675466796383262 0.00591500662267208
v 0.03414196148514748 0.00651285750791430 -0.00537522556260228
v 0.03414458408951759 0.00784405693411827 0.00627609901130199
v 0.03417577967047691 0.00644414778798819 0.00547178508713841
v 0.03435011580586433 0.00611554225906730 0.00257943663746119
v 0.03435011580586433 0.00615495024248958 -0.00248397630639374
v 0.03437644615769386 0.00604709284380078 0.00004704414095613
v 0.03448635712265968 0.00813296716660261 -0.00610898388549685
v 0.03451657667756081 0.00805495399981737 0.00623114593327045
v 0.03452525660395622 0.00647440459579229 0.00500315427780151
v 0.03456465527415276 0.00657180370762944 -0.00489701004698873
v 0.03472540155053139 0.00770493363961577 -0.00599744124338031
v 0.03475734964013100 0.00762969302013516 0.00611273711547256
v 0.03493110463023186 0.00729235773906112 -0.00569968903437257
v 0.03496469184756279 0.00722279213368893 0.00580839952453971
v 0.03505232557654381 0.00699075078591704 -0.00525747751817107
v 0.03508709743618965 0.00692882621660829 0.00536140892654657
v 0.03535283729434013 0.00871932785958052 -0.00599588826298714
v 0.03551043942570686 0.00822608359158039 -0.00589505396783352
v 0.03553834930062294 0.00815404765307903 0.00601899251341820
v 0.03566589578986168 0.00723576452583075 -0.00477329315617681
v 0.03567830100655556 0.00688206404447556 0.00252050021663308
v 0.03567830100655556 0.00692046107724309 -0.00241311616264284
v 0.03568733856081963 0.00717559270560741 0.00488348351791501
v 0.03571623936295509 0.00682004773989320 0.00005305988452164
v 0.03575631603598595 0.00784016214311123 -0.00559206306934357
v 0.03578570857644081 0.00777401076629758 0.00570985255762935
v 0.03590672835707664 0.00755792530253530 -0.00514604337513447
v 0.03591835126280785 0.00909910816699266 0.00606369134038687
v 0.03591835126280785 0.00919238571077585 -0.00592137267813087
v 0.03593719378113747 0.00749956816434860 0.00525937043130398
v 0.03622758761048317 0.00874676927924156 0.00594353256747127
v 0.03636973723769188 0.00866613257676363 -0.00568935647606850
v 0.03649972006678581 0.00841372087597847 0.00565921049565077
v 0.03652289137244225 0.00847030524164438 -0.00549114122986794
v 0.03666625544428825 0.00826736167073250 -0.00516969896852970
v 0.03667167946696281 0.00817754864692688 0.00527970772236586
v 0.03675003722310066 0.00810078810900450 -0.00464986963197589
v 0.03675027564167976 0.00802701618522406 0.00477542541921139
v 0.03688632324337959 0.00783907808363438 0.00246886303648353
v 0.03688632324337959 0.00787655543535948 -0.00234658992849290
v 0.03693461045622826 0.00778485089540482 0.00006056873462512
v 0.03771641477942467 0.01084428373724222 -0.00568329729139805
v 0.03772543743252754 0.01076283864676952 0.00585029134526849
v 0.03820367529988289 0.01069113519042730 -0.00555407628417015
v 0.03821980580687523 0.01058442983776331 0.00570920202881098
v 0.03849774971604347 0.01024518720805645 0.00541807664558291
v 0.03849779441952705 0.01032831706106663 -0.00525799160823226
v 0.03868060931563377 0.01006881333887577 -0.00483810482546687
v 0.03868688270449638 0.00998225715011358 0.00496984599158168
v 0.03874509409070015 0.00993311032652855 -0.00438354397192597
v 0.03939006105065346 0.01341780740767717 0.00465460494160652
v 0.03939006105065346 0.01348862890154123 -0.00444523710757494
v 0.03943762555718422 0.01333873346447945 0.00503371749073267
v 0.03943762555718422 0.01341546606272459 -0.00482553429901600
v 0.03947794064879417 0.01320120505988598 -0.00514911953359842
v 0.03947794809937477 0.01311946287751198 0.00535392900928855
v 0.03950488194823265 0.01279337424784899 0.00556648941710591
v 0.03950488194823265 0.01287846546620131 -0.00536673050373793
v 0.03951434418559074 0.01241011451929808 0.00563903898000717
v 0.03951434418559074 0.01249638106673956 -0.00544523680582643
v 0.03972462192177773 0.01341858133673668 0.00455509498715401
v 0.03973992541432381 0.01229097973555326 0.00558987678959966
v 0.03981181606650352 0.01348746567964554 -0.00429557729512453
v 0.03986987844109535 0.01346056442707777 -0.00453868927434087
v 0.03990538790822029 0.01334731467068195 0.00487153138965368
v 0.03994112834334373 0.01226603891700506 -0.00531888753175735
v 0.03995664790272713 0.01217362843453884 0.00550139509141445
v 0.03996111080050468 0.01328967884182930 0.00497816037386656
v 0.03997540101408958 0.01342013012617826 0.00435602059587836
v 0.03999839350581169 0.01335436291992664 -0.00477317254990339
v 0.04000312462449074 0.01348599418997765 -0.00410663010552526
v 0.04005945101380348 0.01342152059078217 0.00417729932814837
v 0.04005945101380348 0.01348491478711367 -0.00396793195977807
v 0.04008652642369270 0.01306699123233557 0.00521741015836596
v 0.04008973017334938 0.01334823761135340 0.00475313421338797
v 0.04011690989136696 0.01315337978303432 -0.00499022379517555
v 0.04012960568070412 0.01345897465944290 -0.00433421228080988
v 0.04016436263918877 0.01329069677740335 0.00484756520017982
v 0.04016530886292458 0.01278603356331587 0.00536661222577095
v 0.04017322137951851 0.01208407338708639 0.00537635153159499
v 0.04019873216748238 0.01242552977055311 0.00542802596464753
v 0.04020205512642860 0.01286790985614061 -0.00514726480469108
v 0.04021885618567467 0.01222252100706100 -0.00518283015117049
v 0.04023651406168938 0.01253932528197765 -0.00521247601136565
v 0.04027159139513969 0.01345710642635822 -0.00409430544823408
v 0.04029307141900063 0.01345648709684610 -0.00401477608829737
v 0.04029384627938271 0.01339217554777861 0.00422384263947606
v 0.04029526934027672 0.01343267597258091 0.00274401996284723
v 0.04031655564904213 0.01335019432008266 0.00450168177485466
v 0.04032974317669868 0.01335232425481081 -0.00451126554980874
v 0.04033231362700462 0.01306821964681149 0.00505936238914728
v 0.04034231975674629 0.01195738557726145 0.00520902685821056
v 0.04034538939595222 0.01203508116304874 -0.00501892762258649
v 0.04040404036641121 0.01344080828130245 0.00169912702403963
v 0.04041956737637520 0.01329290308058262 0.00456416606903076
v 0.04042717441916466 0.01346306595951319 -0.00116070581134409
v 0.04043782874941826 0.01278739795088768 0.00519131869077682
v 0.04044842347502708 0.01208544988185167 0.00519932573661208
v 0.04045436903834343 0.01345864217728376 -0.00059231492923573
v 0.04048258438706398 0.01242695096880198 0.00524541642516851
v 0.04050353541970253 0.01186173595488071 0.00500068766996264
v 0.04051431640982628 0.01315092947334051 -0.00467535248026252
v 0.04052386060357094 0.01334975846111774 -0.00418155919760466
v 0.04052438214421272 0.01344548724591732 -0.00262633338570595
v 0.04055457189679146 0.01334887463599443 -0.00406780000776052
v 0.04055651649832726 0.01328277960419655 0.00427541136741638
v 0.04058510437607765 0.01195636671036482 -0.00474698143079877
v 0.04061027243733406 0.01179485768079758 0.00480221910402179
v 0.04061442986130714 0.01186486333608627 -0.00460809702053666
v 0.04064217582345009 0.01341168116778135 0.00171755219344050
v 0.04064692184329033 0.01286516338586807 -0.00479434104636312
v 0.04065139219164848 0.01307098660618067 0.00470406515523791
v 0.04066555574536324 0.01343419868499041 -0.00117573514580727
v 0.04067308083176613 0.01221971679478884 -0.00482239900156856
v 0.04070058837532997 0.01253645867109299 -0.00484415236860514
v 0.04070466384291649 0.01342293526977301 0.00027131757815368
v 0.04071831330657005 0.01186730992048979 0.00473558343946934
v 0.04073806479573250 0.01176728401333094 -0.00413241889327765
v 0.04073941335082054 0.01169997267425060 0.00429959781467915
v 0.04073942080140114 0.01176548283547163 -0.00411701062694192
v 0.04075651243329048 0.01314771920442581 -0.00426283013075590
v 0.04078991338610649 0.01333677582442760 -0.00266235345043242
v 0.04079573974013329 0.01314658764749765 -0.00411750329658389
v 0.04079702869057655 0.01279051601886749 0.00479085417464375
v 0.04079859331250191 0.01307758782058954 0.00432212417945266
v 0.04081164672970772 0.01208860240876675 0.00479432567954063
v 0.04083605483174324 0.01170182414352894 0.00376960122957826
v 0.04084574058651924 0.01195290964096785 -0.00430269632488489
v 0.04085880145430565 0.01243021618574858 0.00482579180970788
v 0.04088119789958000 0.01187454443424940 0.00432925159111619
v 0.04088823869824409 0.01195168402045965 -0.00414525996893644
v 0.04090920463204384 0.01330253016203642 0.00173761183395982
v 0.04092365875840187 0.01286148931831121 -0.00432231836020947
v 0.04093289002776146 0.01332534104585648 -0.00119319732766598
v 0.04095663502812386 0.01221595145761967 -0.00433863839134574
v 0.04096901044249535 0.01286018174141645 -0.00415431056171656
v 0.04096903279423714 0.01279391534626484 0.00435393024235964
v 0.04097153618931770 0.01278750598430634 0.00435438565909863
v 0.04097250476479530 0.01331393327564001 0.00027263944502920
v 0.04099130257964134 0.01253259740769863 -0.00434805033728480
v 0.04100000485777855 0.01213704328984022 0.00435500498861074
v 0.04100319370627403 0.01221460942178965 -0.00416615465655923
v 0.04103462025523186 0.01313221268355846 -0.00269636185839772
v 0.04103736951947212 0.01174334436655045 -0.00210931617766619
v 0.04103912785649300 0.01253121998161077 -0.00417086249217391
v 0.04103950783610344 0.01245527248829603 0.00436536362394691
v 0.04107603058218956 0.01171160582453012 0.00187361822463572
v 0.04111813381314278 0.01192938257008791 -0.00271678529679775
v 0.04114887490868568 0.01172574330121279 -0.00011248993541813
v 0.04115529730916023 0.01309756468981504 0.00175528647378087
v 0.04117926582694054 0.01312064379453659 -0.00121010257862508
v 0.04120945557951927 0.01284257788211107 -0.00272177532315254
v 0.04121934995055199 0.01310910191386938 0.00027304532704875
v 0.04123823717236519 0.01219218969345093 -0.00273064966313541
v 0.04123928025364876 0.01189459953457117 0.00175249972380698
v 0.04126333817839622 0.01191776990890503 -0.00122468965128064
v 0.04127816483378410 0.01251052226871252 -0.00273346109315753
v 0.04130357876420021 0.01190618053078651 0.00026436572079547
v 0.04133111611008644 0.01280764583498240 0.00176679703872651
v 0.04135527834296227 0.01283091586083174 -0.00122329709120095
v 0.04136006161570549 0.01215720828622580 0.00176400120835751
v 0.04138426110148430 0.01218051183968782 -0.00123016000725329
v 0.04139569774270058 0.01281927619129419 0.00027221854543313
v 0.04140021279454231 0.01247547566890717 0.00176962232217193
v 0.04142445698380470 0.01249882113188505 -0.00123018107842654
v 0.04142473265528679 0.01216885540634394 0.00026739170425572
v 0.04146500304341316 0.01248714514076710 0.00027019518893212
f 541 424 29
f 541 29 540
f 537 532 595
f 30 29 424
f 30 424 425
f 66 88 64
f 822 816 1169
f 803 770 1245
f 817 763 819
f 817 814 763
f 744 763 814
f 1250 814 1253
f 526 425 535
f 526 30 425
f 526 535 36
f 526 36 30
f 1450 1451 1454
f 1426 1440 1421
f 1426 1419 1440
f 1446 1433 1451
f 1446 1451 1450
f 1446 1450 1440
f 1389 1369 1363
f 1438 1421 1440
f 1438 1440 1450
f 1438 1450 1447
f 1400 1426 1421
f 1409 1421 1438
f 1409 1400 1421
f 558 619 579
f 558 600 619
f 44 66 64
f 18 16 22
f 18 5 16
f 122 123 77
f 122 88 120
f 78 77 123
f 519 474 22
f 519 22 16
f 1200 1169 816
f 1200 1255 822
f 1200 822 1169
f 752 819 763
f 752 822 819
f 759 816 822
f 759 822 752
f 759 752 697
f 1165 816 803
f 1165 1197 816
f 1196 803 1245
f 1196 1245 1197
f 1196 1165 803
f 1196 1197 1165
f 1199 814 817
f 1199 817 819
f 720 693 697
f 720 697 752
f 1257 822 1255
f 1257 1253 819
f 1257 819 1202
f 1171 819 822
f 1171 1202 819
f 1171 822 1257
f 1171 1257 1202
f 499 425 424
f 38 540 29
f 38 29 21
f 38 21 540
f 28 532 537
f 14 21 29
f 14 29 30
f 14 30 15
f 14 7 21
f 654 657 1346
f 650 648 606
f 1397 1419 1426
f 700 677 674
f 700 696 677
f 527 595 532
f 1453 1454 1451
f 1439 1438 1447
f 1414 1326 1434
f 1437 1440 1419
f 1437 1446 1440
f 1408 1389 1390
f 1398 1369 1389
f 1398 1408 1420
f 1398 1389 1408
f 1383 1386 1400
f 1383 1381 1386
f 1392 1390 1373
f 1392 1408 1390
f 1391 1400 1409
f 1391 1383 1400
f 1391 1392 1373
f 1391 1409 1392
f 1391 1373 1360
f 1391 1360 1383
f 1372 1373 1390
f 1372 1360 1373
f 1372 1358 1360
f 644 641 1339
f 644 1339 1351
f 644 1341 646
f 644 1351 1341
f 1377 1389 1363
f 1377 1390 1389
f 1377 1372 1390
f 1345 1363 1369
f 1345 1347 658
f 618 644 646
f 618 619 600
f 653 619 649
f 653 1345 658
f 653 649 1345
f 20 15 30
f 20 30 36
f 482 522 27
f 531 579 534
f 531 558 579
f 531 522 558
f 1223 658 1347
f 1223 1347 1240
f 1223 1240 658
f 1137 655 658
f 1137 658 1240
f 632 624 613
f 632 655 624
f 632 658 655
f 632 653 658
f 692 693 720
f 692 720 744
f 11 10 1
f 11 5 18
f 11 25 10
f 11 18 25
f 12 3 1
f 12 1 10
f 352 543 673
f 671 673 543
f 671 122 120
f 691 674 673
f 691 700 674
f 691 743 700
f 691 673 671
f 79 88 122
f 79 122 77
f 79 64 88
f 79 58 64
f 79 77 58
f 550 673 674
f 553 674 677
f 553 125 674
f 124 125 67
f 124 67 78
f 124 78 123
f 124 123 352
f 124 352 673
f 124 673 550
f 513 474 519
f 513 41 22
f 513 22 474
f 524 513 536
f 34 66 44
f 34 41 66
f 34 44 25
f 34 25 18
f 34 18 22
f 34 22 41
f 765 816 759
f 765 770 803
f 765 803 816
f 765 724 770
f 765 722 724
f 715 699 722
f 715 722 765
f 715 765 759
f 715 759 697
f 1248 816 1197
f 1248 1197 1245
f 1248 1245 1275
f 1248 1255 1200
f 1248 1200 816
f 1270 1275 1245
f 1270 1316 1294
f 1270 1245 770
f 1270 1240 1316
f 1205 1253 814
f 1205 814 1199
f 1205 819 1253
f 1205 1199 819
f 745 744 720
f 745 720 752
f 810 814 1250
f 1042 1250 1251
f 1292 1293 1273
f 1292 1311 1293
f 1282 1288 1297
f 1282 1297 1292
f 1282 1292 1273
f 758 714 696
f 758 821 820
f 758 820 764
f 758 764 714
f 857 808 807
f 500 425 499
f 500 535 425
f 500 594 535
f 500 641 594
f 37 21 28
f 605 654 652
f 605 652 650
f 605 650 606
f 605 606 539
f 1343 648 650
f 487 540 21
f 487 539 540
f 645 606 648
f 645 648 1343
f 645 1343 1340
f 1338 1013 635
f 1338 645 1340
f 1338 635 645
f 1403 1426 1400
f 1403 1397 1426
f 1403 1400 1386
f 1403 1381 1397
f 1403 1386 1381
f 686 677 696
f 554 686 626
f 554 523 75
f 554 75 67
f 554 125 553
f 554 67 125
f 751 696 700
f 751 758 696
f 751 762 821
f 751 821 758
f 733 700 743
f 733 751 700
f 42 75 523
f 42 67 75
f 815 764 820
f 815 1164 804
f 721 714 764
f 721 717 714
f 651 657 611
f 1349 1368 1346
f 1349 1354 1368
f 1384 1368 1387
f 1384 1387 1411
f 1431 1327 1407
f 1328 1434 1326
f 1328 1308 1311
f 1328 1326 1308
f 1337 1407 1327
f 1337 1327 1324
f 1442 1428 1417
f 1442 1414 1434
f 1442 1417 1414
f 1423 1420 1408
f 1254 1201 1256
f 1254 1256 1278
f 1254 1278 1276
f 1254 815 820
f 1254 1164 815
f 1285 1278 1287
f 1285 1276 1278
f 1285 1289 1271
f 1285 1271 1276
f 1320 1323 1388
f 1274 1273 1293
f 1274 1251 1250
f 1274 1250 1273
f 1290 1287 1278
f 1290 1278 1280
f 1413 1417 1428
f 1430 1438 1439
f 1430 1409 1438
f 1430 1439 1423
f 1402 1398 1420
f 1357 1341 1351
f 1357 1377 1363
f 647 646 1341
f 1350 1351 1339
f 1350 1339 641
f 1350 1360 1358
f 1350 1013 1338
f 1350 1338 1381
f 1350 1381 1383
f 1350 1383 1360
f 1364 1372 1377
f 1364 1358 1372
f 1364 1357 1351
f 1364 1377 1357
f 1364 1351 1350
f 1364 1350 1358
f 1342 1345 649
f 1342 649 647
f 1342 647 1341
f 1342 1363 1345
f 1342 1357 1363
f 1342 1341 1357
f 602 644 618
f 602 594 641
f 602 641 644
f 602 618 600
f 602 535 594
f 8 14 15
f 8 7 14
f 479 519 16
f 479 16 27
f 479 27 522
f 490 36 535
f 490 20 36
f 9 15 20
f 9 8 15
f 9 27 16
f 9 5 8
f 9 16 5
f 578 534 579
f 578 579 613
f 731 770 724
f 731 1270 770
f 731 1240 1270
f 731 655 1137
f 731 1137 1240
f 620 632 613
f 620 653 632
f 620 613 579
f 620 579 619
f 620 619 653
f 742 692 744
f 742 744 814
f 742 814 810
f 121 552 551
f 121 66 555
f 121 555 552
f 121 88 66
f 121 120 88
f 675 551 552
f 675 693 692
f 593 230 121
f 2 11 1
f 51 44 64
f 51 64 58
f 45 78 67
f 45 77 78
f 271 123 543
f 271 352 123
f 271 543 352
f 254 543 123
f 259 125 124
f 259 124 550
f 259 674 125
f 259 550 674
f 627 552 555
f 687 587 699
f 687 715 697
f 687 699 715
f 687 697 693
f 687 555 625
f 687 627 555
f 73 66 41
f 502 41 513
f 502 513 524
f 502 73 41
f 502 524 73
f 575 625 555
f 575 555 524
f 575 687 625
f 575 587 687
f 575 536 587
f 575 524 536
f 1329 1240 1347
f 1329 1316 1240
f 1304 1305 1294
f 1304 1316 1305
f 1304 1294 1316
f 1284 1286 1275
f 1277 1286 1288
f 1277 1257 1255
f 1277 1275 1286
f 1277 1255 1248
f 1277 1248 1275
f 748 763 744
f 748 744 745
f 748 752 763
f 748 745 752
f 1074 1042 1251
f 1309 1292 1297
f 1309 1311 1292
f 1309 1328 1311
f 1309 1327 1328
f 1269 1282 1273
f 1269 1250 1253
f 1269 1273 1250
f 1269 1253 1257
f 1258 1278 1256
f 1258 1280 1278
f 1258 1256 1201
f 1258 820 821
f 818 821 762
f 839 807 1083
f 839 857 807
f 839 1083 857
f 1047 1083 1251
f 1047 857 1083
f 1047 1030 857
f 574 499 573
f 574 500 499
f 574 641 500
f 574 573 635
f 574 635 1013
f 538 537 605
f 538 605 539
f 538 539 21
f 538 28 537
f 538 37 28
f 538 21 37
f 604 657 654
f 604 654 605
f 604 611 657
f 604 605 537
f 604 537 595
f 604 595 611
f 1355 1340 1343
f 1355 1343 1361
f 1344 650 652
f 1344 1343 650
f 1344 654 1346
f 1344 652 654
f 1344 1361 1343
f 1344 1346 1368
f 486 21 539
f 486 487 21
f 486 539 487
f 607 606 645
f 607 540 539
f 607 539 606
f 607 645 635
f 1424 1446 1437
f 546 523 554
f 546 554 626
f 628 677 686
f 628 686 554
f 628 553 677
f 628 554 553
f 583 626 686
f 698 714 717
f 698 583 686
f 698 696 714
f 698 686 696
f 747 743 762
f 747 762 751
f 40 518 527
f 656 657 651
f 723 721 764
f 723 717 721
f 643 611 595
f 643 651 611
f 1295 1306 1315
f 1295 1271 1289
f 1295 1315 1271
f 1189 1136 804
f 1189 804 1271
f 1330 1136 1189
f 1330 1189 1271
f 1330 657 1136
f 1330 1271 1315
f 1330 1346 657
f 1330 1349 1346
f 1330 1315 1349
f 1268 1271 804
f 1268 1276 1271
f 1318 1315 1306
f 1318 1349 1315
f 1318 1306 1320
f 1404 1417 1413
f 1404 1413 1388
f 1302 1297 1288
f 1435 1431 1407
f 1436 1327 1431
f 1436 1328 1327
f 1436 1434 1328
f 1448 1428 1442
f 1448 1451 1433
f 1448 1433 1428
f 1448 1453 1451
f 1448 1442 1453
f 1331 1305 1316
f 1331 1316 1329
f 1331 1347 1353
f 1331 1329 1347
f 1371 1370 1353
f 1371 1353 1347
f 1371 1369 1398
f 1371 1398 1402
f 1371 1347 1345
f 1371 1345 1369
f 1168 1254 820
f 1168 1201 1254
f 1168 820 1258
f 1168 1258 1201
f 1299 1285 1287
f 1299 1306 1295
f 1299 1289 1285
f 1299 1295 1289
f 1325 1336 1323
f 1325 1323 1317
f 1325 1326 1414
f 1301 1287 1290
f 1301 1299 1287
f 1267 1280 1258
f 1416 1411 1387
f 1416 1387 1413
f 1416 1433 1411
f 1416 1428 1433
f 1416 1413 1428
f 1410 1392 1409
f 1410 1409 1430
f 1410 1408 1392
f 1410 1423 1408
f 1410 1430 1423
f 638 647 649
f 638 649 619
f 638 619 618
f 638 618 646
f 638 646 647
f 533 479 522
f 533 519 479
f 533 522 531
f 533 531 534
f 533 534 578
f 507 558 522
f 507 522 482
f 507 20 490
f 507 9 20
f 507 482 27
f 507 27 9
f 529 490 535
f 529 558 507
f 529 507 490
f 695 689 655
f 695 655 731
f 695 724 689
f 695 731 724
f 672 671 120
f 672 230 593
f 707 692 742
f 707 672 692
f 549 675 692
f 549 121 551
f 549 551 675
f 4 5 11
f 4 11 2
f 35 67 42
f 35 45 67
f 43 58 77
f 43 77 45
f 43 44 51
f 43 51 58
f 43 25 44
f 223 123 205
f 223 205 671
f 223 254 123
f 223 671 543
f 223 543 254
f 154 671 205
f 154 205 123
f 741 743 691
f 780 807 808
f 780 808 737
f 716 741 691
f 716 737 741
f 716 707 734
f 676 552 627
f 676 693 675
f 676 675 552
f 676 687 693
f 676 627 687
f 557 587 536
f 557 582 587
f 557 536 513
f 557 513 519
f 585 582 557
f 603 587 582
f 603 582 585
f 515 524 555
f 515 73 524
f 515 555 66
f 515 66 73
f 1298 1294 1305
f 1298 1284 1294
f 1298 1305 1312
f 1298 1286 1284
f 1283 1275 1270
f 1283 1284 1275
f 1283 1270 1294
f 1283 1294 1284
f 809 810 1250
f 809 1250 940
f 809 742 810
f 1307 1314 1324
f 1307 1324 1327
f 1307 1327 1309
f 1307 1309 1297
f 1307 1297 1302
f 1307 1302 1314
f 1279 1269 1257
f 1279 1282 1269
f 1279 1288 1282
f 1279 1277 1288
f 1279 1257 1277
f 897 808 881
f 867 808 857
f 867 881 808
f 867 857 1030
f 1001 867 1030
f 1001 881 867
f 640 641 574
f 640 574 1013
f 640 1350 641
f 640 1013 1350
f 1366 1361 1344
f 1366 1378 1361
f 1366 1384 1378
f 1366 1368 1384
f 1366 1344 1368
f 608 607 635
f 608 573 499
f 608 635 573
f 1425 1411 1433
f 1425 1424 1411
f 1425 1433 1446
f 1425 1446 1424
f 1412 1437 1419
f 1412 1424 1437
f 584 595 527
f 584 527 518
f 584 518 564
f 512 42 523
f 576 546 626
f 576 626 583
f 576 583 546
f 746 733 743
f 746 743 747
f 746 751 733
f 746 747 751
f 50 518 40
f 50 40 42
f 50 512 518
f 50 42 512
f 32 527 532
f 32 40 527
f 32 532 28
f 732 651 723
f 690 723 651
f 690 651 643
f 1195 804 1164
f 1195 1268 804
f 1198 1164 1254
f 1198 1254 1276
f 1198 1195 1164
f 1332 1354 1349
f 1332 1318 1354
f 1332 1349 1318
f 1395 1404 1388
f 1395 1336 1404
f 1395 1388 1323
f 1395 1323 1336
f 1319 1312 1305
f 1319 1305 1331
f 1319 1353 1370
f 1319 1331 1353
f 1452 1454 1453
f 1452 1450 1454
f 1452 1447 1450
f 1452 1439 1447
f 1445 1453 1442
f 1445 1442 1434
f 1445 1434 1436
f 1406 1404 1336
f 1406 1336 1325
f 1406 1417 1404
f 1406 1414 1417
f 1406 1325 1414
f 1333 1320 1388
f 1333 1388 1379
f 1333 1379 1320
f 1367 1318 1320
f 1367 1320 1379
f 1367 1354 1318
f 1367 1368 1354
f 1385 1388 1413
f 1385 1379 1388
f 1385 1413 1387
f 1385 1367 1379
f 1385 1387 1368
f 1385 1368 1367
f 1303 1301 1290
f 1303 1290 1296
f 1313 1306 1299
f 1313 1299 1301
f 1313 1320 1306
f 1313 1317 1323
f 1313 1323 1320
f 1313 1303 1317
f 1313 1301 1303
f 1249 1251 1274
f 1249 951 970
f 1249 939 951
f 1249 808 939
f 1249 1001 1030
f 1249 1047 1251
f 1249 1030 1047
f 1252 1267 1258
f 1252 1249 1267
f 1291 1308 1296
f 1291 1293 1311
f 1291 1311 1308
f 545 529 535
f 545 535 602
f 545 602 600
f 545 600 558
f 545 558 529
f 212 121 230
f 212 230 672
f 212 191 121
f 212 672 191
f 738 707 742
f 738 734 707
f 738 740 734
f 738 742 809
f 510 672 593
f 26 45 35
f 26 12 10
f 6 3 12
f 144 122 671
f 144 671 154
f 144 123 122
f 144 154 123
f 749 780 737
f 688 691 671
f 688 716 691
f 688 707 716
f 688 671 672
f 688 672 707
f 548 557 519
f 548 585 557
f 548 519 533
f 548 533 578
f 548 578 585
f 612 585 578
f 612 613 624
f 612 578 613
f 663 699 587
f 663 603 699
f 663 587 603
f 1300 1286 1298
f 1300 1298 1312
f 1300 1288 1286
f 1300 1302 1288
f 1300 1314 1302
f 1300 1312 1314
f 950 940 1250
f 971 950 1250
f 1016 1042 868
f 1016 1250 1042
f 1016 1002 1250
f 882 868 809
f 882 1016 868
f 882 1002 1016
f 800 809 868
f 800 781 809
f 800 807 780
f 800 780 781
f 828 807 800
f 828 800 827
f 913 897 970
f 913 951 939
f 913 970 951
f 913 939 808
f 913 808 897
f 1375 1397 1381
f 570 607 608
f 570 541 540
f 570 540 607
f 570 608 499
f 570 424 541
f 570 499 424
f 1399 1411 1424
f 1399 1424 1412
f 1399 1378 1384
f 1399 1384 1411
f 623 643 595
f 623 595 584
f 556 581 564
f 556 512 523
f 556 564 518
f 556 518 512
f 556 523 546
f 556 583 581
f 556 546 583
f 17 32 28
f 694 656 651
f 694 651 732
f 694 657 656
f 694 1136 657
f 694 804 1136
f 771 732 723
f 771 723 764
f 771 804 694
f 771 694 732
f 771 815 804
f 771 764 815
f 1244 1276 1268
f 1244 1198 1276
f 1244 1268 1195
f 1244 1195 1198
f 1321 1312 1319
f 1401 1415 1394
f 1401 1370 1371
f 1401 1371 1402
f 1427 1420 1423
f 1427 1402 1420
f 1418 1435 1407
f 1449 1452 1453
f 1443 1436 1431
f 1443 1445 1436
f 1443 1431 1435
f 1443 1435 1449
f 1443 1453 1445
f 1443 1449 1453
f 1310 1317 1303
f 1310 1303 1296
f 1310 1296 1308
f 1310 1325 1317
f 1310 1308 1326
f 1310 1326 1325
f 987 1001 1249
f 987 897 881
f 987 881 1001
f 987 970 897
f 987 1249 970
f 1203 1252 1258
f 813 1249 1252
f 813 743 741
f 813 762 743
f 813 818 762
f 1272 1274 1293
f 1272 1293 1291
f 1272 1249 1274
f 1272 1267 1249
f 158 120 121
f 158 121 191
f 158 672 120
f 158 191 672
f 435 121 510
f 435 510 593
f 547 121 549
f 547 510 121
f 547 672 510
f 547 692 672
f 547 549 692
f 24 43 45
f 24 45 26
f 24 25 43
f 24 10 25
f 24 26 10
f 19 6 12
f 19 12 26
f 19 26 35
f 19 17 6
f 739 737 716
f 739 749 737
f 739 716 734
f 739 734 740
f 739 740 749
f 772 781 780
f 772 780 749
f 772 809 781
f 772 738 809
f 642 624 655
f 642 655 689
f 642 612 624
f 642 622 612
f 642 689 724
f 609 603 585
f 609 585 612
f 609 612 622
f 898 882 809
f 898 1002 882
f 898 1250 1002
f 898 971 1250
f 858 868 1042
f 858 800 868
f 858 1042 1074
f 858 1074 800
f 840 800 1074
f 806 1088 827
f 806 827 800
f 806 800 840
f 830 1091 1251
f 831 1251 828
f 831 828 827
f 831 1088 1251
f 831 827 1088
f 1348 1381 1338
f 1348 1375 1381
f 1365 1362 1355
f 1365 1361 1378
f 1365 1355 1361
f 1393 1412 1419
f 1393 1419 1397
f 1393 1399 1412
f 681 643 623
f 681 690 643
f 681 717 723
f 681 723 690
f 617 681 623
f 617 584 564
f 617 623 584
f 617 698 717
f 617 717 681
f 13 7 6
f 13 6 17
f 13 21 7
f 13 28 21
f 13 17 28
f 1380 1319 1370
f 1380 1394 1321
f 1380 1370 1401
f 1380 1401 1394
f 1405 1337 1324
f 1405 1324 1335
f 1405 1407 1337
f 1405 1418 1407
f 1405 1415 1418
f 1396 1394 1415
f 1396 1415 1405
f 1396 1405 1335
f 1322 1321 1394
f 1322 1394 1396
f 1322 1396 1335
f 1322 1314 1312
f 1322 1312 1321
f 1322 1324 1314
f 1322 1335 1324
f 1432 1429 1427
f 1432 1423 1439
f 1432 1427 1423
f 1422 1401 1402
f 1422 1402 1427
f 1422 1427 1429
f 1422 1415 1401
f 1422 1418 1415
f 1422 1429 1418
f 1441 1449 1435
f 1441 1435 1418
f 1441 1418 1429
f 1170 821 818
f 1170 818 1203
f 1170 1258 821
f 1170 1203 1258
f 1204 1203 818
f 1204 818 813
f 811 808 1249
f 811 1249 813
f 811 813 741
f 811 737 808
f 811 741 737
f 1281 1291 1296
f 1281 1272 1291
f 1281 1290 1280
f 1281 1296 1290
f 1281 1280 1267
f 1281 1267 1272
f 412 593 121
f 412 121 435
f 412 435 593
f 23 35 42
f 23 19 35
f 23 17 19
f 23 42 40
f 23 40 32
f 23 32 17
f 750 749 740
f 750 772 749
f 750 740 738
f 750 738 772
f 680 622 642
f 621 699 603
f 621 603 609
f 621 609 622
f 914 809 940
f 914 898 809
f 914 971 898
f 914 940 950
f 914 950 971
f 1087 840 1074
f 1087 1251 1088
f 1087 1074 1251
f 1087 1088 806
f 1087 806 840
f 829 1091 830
f 829 830 828
f 829 1251 1091
f 829 828 1251
f 823 1251 1083
f 823 1083 807
f 1356 1348 1362
f 1356 1359 1375
f 1356 1375 1348
f 1352 1362 1348
f 1352 1340 1355
f 1352 1355 1362
f 1352 1338 1340
f 1352 1348 1338
f 1382 1399 1393
f 1382 1378 1399
f 1382 1365 1378
f 1374 1393 1397
f 1374 1397 1375
f 1374 1375 1359
f 1374 1359 1356
f 1374 1356 1362
f 601 698 617
f 601 581 583
f 601 583 698
f 601 564 581
f 601 617 564
f 1334 1321 1319
f 1334 1319 1380
f 1334 1380 1321
f 1444 1452 1449
f 1444 1449 1441
f 1444 1439 1452
f 1444 1432 1439
f 1444 1429 1432
f 1444 1441 1429
f 1206 1252 1203
f 1206 1203 1204
f 1206 813 1252
f 1206 1204 813
f 718 722 699
f 718 699 621
f 718 724 722
f 718 622 680
f 718 621 622
f 718 642 724
f 718 680 642
f 826 830 1251
f 826 1251 823
f 826 828 830
f 826 807 828
f 826 823 807
f 1376 1382 1393
f 1376 1393 1374
f 1376 1374 1362
f 1376 1362 1365
f 1376 1365 1382
f 6 8 5
f 6 1 3
f 6 5 4
f 6 7 8
f 6 2 1
f 6 4 2

