# https://github.com/mikedh/trimesh
v -0.03599463403224945 -0.00648456066846848 0.00394967291504145
v -0.03599463403224945 -0.00639277230948210 -0.00784401595592499
v -0.03599463403224945 -0.00331019284203649 -0.00782003998756409
v -0.03599463403224945 -0.00308468774892390 0.00397613365203142
v -0.03599463403224945 -0.00308217876590788 0.00393714150413871
v -0.03599463403224945 -0.00307187694124877 -0.00493023032322526
v -0.03599463403224945 -0.00295339478179812 0.00100840115919709
v -0.03599463403224945 -0.00294945575296879 -0.00196313019841909
v -0.03596056252717972 -0.00648657605051994 0.00420848419889808
v -0.03594515100121498 -0.00252985511906445 -0.00496380310505629
v -0.03594515100121498 -0.00241136201657355 0.00102055445313454
v -0.03594515100121498 -0.00240764976479113 -0.00197289115749300
v -0.03591851517558098 -0.00686723180115223 0.00394669454544783
v -0.03591851517558098 -0.00677544530481100 -0.00784699432551861
v -0.03591851517558098 -0.00638979393988848 -0.00822668801993132
v -0.03591842204332352 -0.00308763072825968 0.00435869954526424
v -0.03591750562191010 -0.00330721004866064 -0.00820479355752468
v -0.03591654822230339 -0.00240389397367835 0.00399419572204351
v -0.03591628372669220 -0.00262758857570589 -0.00783966574817896
v -0.03588616102933884 -0.00687126722186804 0.00418555410578847
v -0.03584818914532661 -0.00674333702772856 -0.00822943914681673
v -0.03583878651261330 -0.00242489413358271 0.00437270477414131
v -0.03583431243896484 -0.00264367740601301 -0.00821679923683405
v -0.03579222783446312 -0.00199093599803746 -0.00499718356877565
v -0.03579222783446312 -0.00187154137529433 0.00103265827056020
v -0.03579222783446312 -0.00186780293006450 -0.00198353826999664
v -0.03575899451971054 -0.00648957956582308 0.00459444429725409
v -0.03570174053311348 -0.00719164684414864 0.00394416972994804
v -0.03570174053311348 -0.00709985848516226 -0.00784952007234097
v -0.03570174053311348 -0.00638726959004998 -0.00855110120028257
v -0.03570152819156647 -0.00309005612507463 0.00468298746272922
v -0.03569817170500755 -0.00330470572225749 -0.00853021815419197
v -0.03569164872169495 -0.00683780154213309 0.00457368791103363
v -0.03568038344383240 -0.00174634670838714 0.00401151739060879
v -0.03567929193377495 -0.00196882267482579 -0.00785827450454235
v -0.03567442297935486 -0.00719638774171472 0.00412628706544638
v -0.03564791753888130 -0.00704305712133646 -0.00823177210986614
v -0.03564791753888130 -0.00665785977616906 -0.00855320785194635
v -0.03562672436237335 -0.00247659720480442 0.00469227880239487
v -0.03561919555068016 -0.00269112130627036 -0.00853412970900536
v -0.03560560569167137 -0.00178656610660255 0.00438607623800635
v -0.03559815138578415 -0.00200616545043886 -0.00822805706411600
v -0.03554096445441246 -0.00148887396790087 -0.00502828089520335
v -0.03554096445441246 -0.00136864488013089 0.00104393402580172
v -0.03554096445441246 -0.00136487837880850 -0.00199345708824694
v -0.03549998253583908 -0.00713210087269545 0.00452003953978419
v -0.03549463674426079 -0.00688725383952260 -0.00855499319732189
v -0.03541250154376030 -0.00649163173511624 0.00485815340653062
v -0.03541001304984093 -0.00188619410619140 0.00470115290954709
v -0.03539918363094330 -0.00210239086300135 -0.00853771623224020
v -0.03539166599512100 -0.00113621400669217 0.00014040819951333
v -0.03537731990218163 -0.00740841263905168 0.00394248263910413
v -0.03537731990218163 -0.00731662381440401 -0.00785120669752359
v -0.03537731990218163 -0.00638558296486735 -0.00876786746084690
v -0.03537723422050476 -0.00309159955941141 0.00489988550543785
v -0.03537068888545036 -0.00330306822434068 -0.00874646566808224
v -0.03536497801542282 -0.00673736026510596 0.00484350696206093
v -0.03535975515842438 -0.00109110435005277 -0.00052052928367630
v -0.03535796329379082 -0.00741185201331973 0.00403981190174818
v -0.03534818813204765 -0.00724332313984632 -0.00823333114385605
v -0.03534818813204765 -0.00653202412649989 -0.00876900739967823
v -0.03533589094877243 -0.00649187574163079 0.00488961534574628
v -0.03531237691640854 -0.00255120941437781 0.00490531465038657
v -0.03530670329928398 -0.00103818578645587 0.00080454838462174
v -0.03530327230691910 -0.00276278727687895 -0.00874455459415913
v -0.03529839217662811 -0.00116128544323146 0.00402679434046149
v -0.03529658541083336 -0.00138222251553088 -0.00787459313869476
v -0.03528324142098427 -0.00103064137510955 -0.00000845597151056
v -0.03526523336768150 -0.00704053137451410 -0.00855618622153997
v -0.03526523336768150 -0.00665617315098643 -0.00876997411251068
v -0.03524326533079147 -0.00098905549384654 0.00051884929416701
v -0.03524310141801834 -0.00098075706046075 -0.00053502450464293
v -0.03523220494389534 -0.00121929682791233 0.00439786352217197
v -0.03522972390055656 -0.00694503635168076 0.00480564869940281
v -0.03522274643182755 -0.00144071783870459 -0.00823783408850431
v -0.03521352261304855 -0.00732713751494884 0.00444176234304905
v -0.03520365431904793 -0.00104591448325664 -0.00505571765825152
v -0.03520365431904793 -0.00092115544248372 -0.00200220826081932
v -0.03517954051494598 -0.00088442146079615 -0.00126972352154553
v -0.03514382988214493 -0.00096173124620691 -0.00000790705962572
v -0.03514108061790466 -0.00673912651836872 -0.00877061951905489
v -0.03512781113386154 -0.00087192084174603 0.00103191763628274
v -0.03512750938534737 -0.00085560046136379 -0.00104609993286431
v -0.03512239456176758 -0.00203070743009448 0.00491052260622382
v -0.03511138260364532 -0.00224346504546702 -0.00874266400933266
v -0.03510612249374390 -0.00092499633319676 0.00049284164560959
v -0.03510598838329315 -0.00091718463227153 -0.00050798442680389
v -0.03506942838430405 -0.00080023735063151 0.00153905176557600
v -0.03506389632821083 -0.00136187695898116 0.00470898021012545
v -0.03505119308829308 -0.00158085138536990 -0.00854076817631721
v -0.03502758219838142 -0.00708266813308001 0.00475041102617979
v -0.03499641269445419 -0.00081980030518025 0.00098612729925662
v -0.03499616310000420 -0.00080431852256879 -0.00099948327988386
v -0.03499463573098183 -0.00748453149572015 0.00394189031794667
v -0.03499463573098183 -0.00741139100864530 0.00432515470311046
v -0.03499463573098183 -0.00739274267107248 -0.00785179901868105
v -0.03499463573098183 -0.00731364544481039 -0.00823387876152992
v -0.03499463573098183 -0.00725488038733602 -0.00835074111819267
v -0.03499463573098183 -0.00719714956358075 0.00465125543996692
v -0.03499463573098183 -0.00709435623139143 -0.00855660531669855
v -0.03499463573098183 -0.00688601704314351 -0.00871390663087368
v -0.03499463573098183 -0.00687442300841212 0.00487054605036974
v -0.03499463573098183 -0.00676825456321239 -0.00877084583044052
v -0.03499463573098183 -0.00662176590412855 0.00494021549820900
v -0.03499463573098183 -0.00649234466254711 0.00494964234530926
v -0.03499463573098183 -0.00638499064370990 -0.00884398538619280
v -0.03499463573098183 -0.00330254575237632 -0.00881999637931585
v -0.03499463573098183 -0.00309202051721513 0.00497610680758953
v -0.03498999401926994 -0.00093896995531395 -0.00000771599661675
v -0.03495524823665619 -0.00090581551194191 0.00047149555757642
v -0.03495514392852783 -0.00089839042630047 -0.00048630530363880
v -0.03494257479906082 -0.00263761146925390 0.00497964350506663
v -0.03494247421622276 -0.00284594437107444 -0.00881644245237112
v -0.03485317528247833 -0.00080948747927323 0.00094807433197275
v -0.03485297784209251 -0.00079468655167148 -0.00096125056734309
v -0.03483660519123077 -0.00096458155894652 -0.00000790136527939
v -0.03481813147664070 -0.00156813906505704 0.00491513451561332
v -0.03480623662471771 -0.00178275164216757 -0.00874094665050507
v -0.03480486571788788 -0.00093334395205602 0.00045682472409680
v -0.03480198606848717 -0.00058941886527464 0.00205642264336348
v -0.03480182215571404 -0.00068786792689934 0.00403907895088196
v -0.03480174392461777 -0.00055716710630804 -0.00206576334312558
v -0.03480093926191330 -0.00063365563983098 -0.00424090260639787
v -0.03479923680424690 -0.00083485455252230 -0.00712193036451936
v -0.03479865938425064 -0.00090759369777516 -0.00788770709186792
v -0.03478495404124260 -0.00219890638254583 0.00498305773362517
v -0.03478438034653664 -0.00240499479696155 -0.00881301052868366
v -0.03477963805198669 -0.00057324051158503 0.00203935150057077
v -0.03477913513779640 -0.00054160429863259 -0.00204879394732416
v -0.03474856168031693 -0.00076134916162118 0.00440731411799788
v -0.03473796695470810 -0.00098502077162266 -0.00824559759348631
v -0.03471073880791664 -0.00084191770292819 0.00092111801495776
v -0.03471058234572411 -0.00082756852498278 -0.00093477749032900
v -0.03470227494835854 -0.00053406023653224 0.00198619393631816
v -0.03470179438591003 -0.00050328357610852 -0.00199503987096250
v -0.03469850495457649 -0.00103607750497758 -0.00000844515125209
v -0.03461620956659317 -0.00093884224770591 0.00471525825560093
v -0.03460300341248512 -0.00116103130858392 -0.00854315236210823
v -0.03458905220031738 -0.00114654749631882 -0.00000929470570554
v -0.03458812087774277 -0.00051129003986716 0.00191999902017415
v -0.03458763286471367 -0.00048157040146179 -0.00192847684957087
v -0.03458167612552643 -0.00091421074466780 0.00090763217303902
v -0.03458154201507568 -0.00090005184756592 -0.00092239485820755
v -0.03456950560212135 -0.00039118662243709 -0.00246800342574716
v -0.03454098477959633 -0.00202671019360423 -0.00881006661802530
v -0.03453047201037407 -0.00180822773836553 0.00498609850183129
v -0.03451881557703018 -0.00128529977519065 -0.00001036791491060
v -0.03449463471770287 -0.00145358080044389 -0.00001129300926550
v -0.03449462726712227 -0.00143891386687756 -0.00001145280475612
v -0.03447738289833069 -0.00102000287733972 0.00090880860807374
v -0.03447724133729935 -0.00100575597025454 -0.00092519778991118
v -0.03446424007415771 -0.00140022730920464 0.00048096384853125
v -0.03446413576602936 -0.00139248126652092 -0.00050320226000622
v -0.03444955870509148 -0.00030540447914973 -0.00264371954835951
v -0.03442711383104324 -0.00134167855139822 -0.00074196059722453
v -0.03442400693893433 -0.00119469873607159 0.00491884676739573
v -0.03441222757101059 -0.00141157419420779 -0.00873954035341740
v -0.03440821915864944 -0.00031781502184458 0.00269585871137679
v -0.03440704941749573 -0.00114994077011943 0.00092453625984490
v -0.03440687805414200 -0.00113534065894783 -0.00094293127767742
v -0.03439888730645180 -0.00054461020044982 0.00183508661575615
v -0.03439826518297195 -0.00051630887901410 -0.00184401345904917
v -0.03437685593962669 -0.00129249738529325 0.00095364102162421
v -0.03437667712569237 -0.00127737724687904 -0.00097403640393168
v -0.03434957563877106 -0.00056759582366794 0.00181795377284288
v -0.03434922173619270 -0.00053944846149534 -0.00182732415851206
v -0.03433763235807419 -0.00181185791734606 -0.00880839396268129
v -0.03431367129087448 -0.00120349961798638 -0.00119876617100090
v -0.03426022082567215 -0.00024316359485965 -0.00247490149922669
v -0.03423895314335823 -0.00114540173672140 0.00139811018016189
v -0.03423877805471420 -0.00112369202543050 -0.00141622126102448
v -0.03422302752733231 -0.00025443767663091 0.00252624787390232
v -0.03420569375157356 -0.00067843304714188 0.00178325769957155
v -0.03420512750744820 -0.00065104576060548 -0.00179428677074611
v -0.03419964388012886 -0.00149241636972874 0.00498855626210570
v -0.03419720754027367 -0.00169468636158854 -0.00880748219788074
v -0.03415273129940033 -0.00106610078364611 0.00160977407358587
v -0.03415036201477051 -0.00025952342548408 -0.00240405369549990
v -0.03413847088813782 -0.00076525931945071 0.00177928782068193
v -0.03413838148117065 -0.00073729298310354 -0.00179165520239621
v -0.03412720933556557 -0.00146661663893610 0.00166329520288855
v -0.03412720933556557 -0.00144054880365729 -0.00168588128872216
v -0.03412720188498497 -0.00101793673820794 -0.00168260722421110
v -0.03411515057086945 -0.00026947783771902 0.00245416420511901
v -0.03408995643258095 -0.00085980957373977 0.00178755947854370
v -0.03408959880471230 -0.00083213654579595 -0.00180139811709523
v -0.03405562788248062 -0.00098645768593997 0.00181430228985846
v -0.03405541926622391 -0.00095793372020125 -0.00182980007957667
v -0.03404036536812782 -0.00030676872120239 -0.00234906002879143
v -0.03400671854615211 -0.00031502373167314 0.00239735795184970
v -0.03395913541316986 -0.00000372718409380 0.00321830040775239
v -0.03393786400556564 -0.00038160991971381 -0.00231373566202819
v -0.03390512987971306 -0.00038796506123617 0.00235970271751285
v -0.03386710584163666 0.00004396850999910 -0.00295695057138801
v -0.03385957330465317 -0.00080066244117916 -0.00216895551420748
v -0.03384997323155403 -0.00047886354150251 -0.00230053556151688
v -0.03381732106208801 -0.00048332705046050 0.00234377058222890
v -0.03378279879689217 -0.00059176434297115 -0.00231037009507418
v -0.03377795591950417 0.00006260852387641 0.00305227236822248
v -0.03376965224742889 0.00002403903999948 -0.00287602515891194
v -0.03374927490949631 -0.00059459899784997 0.00235064257867634
v -0.03370564058423042 -0.00071419181767851 0.00237985840067267
v -0.03368384763598442 0.00004376177457743 0.00296958652324975
v -0.03366942331194878 -0.00002395358751528 -0.00281203677877784
v -0.03366706892848015 0.00025686743902043 -0.00348198087885976
v -0.03358636796474457 -0.00000251097549153 0.00290322815999389
v -0.03357301279902458 -0.00009684034739621 -0.00276919198222458
v -0.03349177911877632 -0.00007324323814828 0.00285745388828218
v -0.03348676487803459 -0.00018983446352649 -0.00275031058117747
v -0.03341634571552277 -0.00029681765590794 -0.00275662937201560
v -0.03340614587068558 -0.00016389068332501 0.00283520505763590
v -0.03339519351720810 0.00039613971603103 0.00369661883451045
v -0.03336833044886589 -0.00040525075746700 -0.00278564519248903
v -0.03333496674895287 -0.00026864092797041 0.00283790286630392
v -0.03328282386064529 -0.00038077001227066 0.00286537152715027
v -0.03327099978923798 0.00042805861448869 0.00349051970988512
v -0.03316001221537590 -0.00023661321029067 -0.00298449001275003
v -0.03310511261224747 0.00035855863825418 0.00332753197290003
v -0.03309242799878120 -0.00147725525312126 0.00303023867309093
v -0.03309242799878120 -0.00142991042230278 -0.00305282464250922
v -0.03309204801917076 -0.00018150846881326 -0.00304343318566680
v -0.03309021517634392 -0.00022747735783923 0.00304195191711187
v -0.03304093331098557 0.00071121152723208 -0.00391573086380959
v -0.03301860764622688 0.00029003105009906 0.00327487871982157
v -0.03295458480715752 -0.00006986968219280 -0.00315476744435728
v -0.03293661773204803 0.00020402000518516 0.00324606546200812
v -0.03293390944600105 0.00073038076516241 -0.00370346242561936
v -0.03286404162645340 0.00010566638957243 0.00324280979111791
v -0.03286183997988701 0.00070372037589550 -0.00361114391125739
v -0.03281424567103386 0.00081384857185185 0.00405028322711587
v -0.03280522674322128 0.00000085006888639 0.00326530891470611
v -0.03278272971510887 0.00065447483211756 -0.00353535707108676
v -0.03277372941374779 0.00083394290413707 0.00394177623093128
v -0.03272417932748795 0.00083211355376989 0.00384675851091743
v -0.03270113840699196 0.00058549520326778 -0.00348047236911952
v -0.03265250846743584 0.00080490397522226 0.00374435307458043
v -0.03264463320374489 -0.00745340157300234 -0.00005798846177640
v -0.03264463320374489 -0.00145358103327453 -0.00001129301108449
v -0.03262177854776382 0.00050075794570148 -0.00344966072589159
v -0.03257850930094719 0.00075737811857834 0.00366635061800480
v -0.03254922851920128 0.00040515631553717 -0.00344469491392374
v -0.03250089287757874 0.00069095561048016 0.00360818789340556
v -0.03249048441648483 0.00030898893601261 -0.00346417585387826
v -0.03245993703603745 0.00104110979009420 0.00421767495572567
v -0.03244505822658539 0.00100824900437146 0.00436652498319745
v -0.03242745250463486 0.00061336386715993 0.00357416830956936
v -0.03241917490959167 0.00105966150294989 0.00409338530153036
v -0.03236297890543938 0.00104738108348101 0.00397445820271969
v -0.03235659003257751 -0.00746176764369011 0.00101697898935527
v -0.03235659003257751 -0.00744503550231457 -0.00113295589108020
v -0.03235659003257751 -0.00146194710396230 0.00106367445550859
v -0.03235659003257751 -0.00144521507900208 -0.00108626054134220
v -0.03235194832086563 0.00051693344721571 0.00356296938844025
v -0.03233088552951813 0.00123184907715768 -0.00424354476854205
v -0.03229526430368423 0.00100511929485947 0.00386919383890927
v -0.03228918462991714 0.00103454361669719 -0.00379111175425351
v -0.03228884562849998 0.00041895933100022 0.00357841374352574
v -0.03227564319968224 0.00048549703205936 -0.00357793038710952
v -0.03219743445515633 0.00106230541132390 -0.00787114351987839
v -0.03214169293642044 0.00088640744797885 -0.00369557249359787
v -0.03213933855295181 0.00098831567447633 -0.00822199415415525
v -0.03210463747382164 0.00111714075319469 0.00458603026345372
v -0.03210142627358437 0.00116211187560111 0.00452993018552661
v -0.03209779784083366 0.00119795673526824 0.00446606008335948
v -0.03207502141594887 0.00124310690443963 0.00432881526648998
v -0.03203336149454117 0.00124999613035470 0.00418878579512239
v -0.03200912475585938 0.00070548598887399 -0.00369680579751730
v -0.03200686722993851 0.00081569794565439 -0.00852018501609564
v -0.03199584782123566 0.00080127432011068 -0.00853685289621353
v -0.03197637572884560 0.00121801695786417 0.00405794335529208
v -0.03193965554237366 0.00152125512249768 -0.00436403462663293
v -0.03190894424915314 0.00114991993177682 0.00394747313112020
v -0.03188071399927139 0.00151552865281701 -0.00415126513689756
v -0.03183683007955551 0.00105151173193008 0.00386682688258588
v -0.03180845826864243 0.00055528117809445 -0.00872586201876402
v -0.03177452087402344 0.00143314036540687 -0.00397601258009672
v -0.03176619857549667 0.00093122094403952 0.00382288591936231
v -0.03170693293213844 0.00079729763092473 0.00381819671019912
v -0.03169709444046021 0.00131368055008352 0.00467437133193016
v -0.03169479966163635 0.00138865341432393 0.00453294347971678
v -0.03169015049934387 0.00126173184253275 0.00473521044477820
v -0.03167800605297089 0.00120184535626322 0.00478731095790863
v -0.03167137503623962 0.00141910498496145 0.00437754392623901
v -0.03164179250597954 0.00129015906713903 -0.00387247162871063
v -0.03162920847535133 0.00140188517980278 0.00422408804297447
v -0.03159593045711517 0.00027513134409674 -0.00879215169698000
v -0.03158039599657059 -0.00148354354314506 0.00383841129951179
v -0.03158039599657059 -0.00142362259794027 -0.00386099750176072
v -0.03157262504100800 0.00133877992630005 0.00408829795196652
v -0.03156963363289833 -0.00746789062395692 0.00180390989407897
v -0.03156963363289833 -0.00743891019374132 -0.00191988667938858
v -0.03156963363289833 -0.00146807229612023 0.00185060524381697
v -0.03156963363289833 -0.00143909011967480 -0.00187319132965058
v -0.03151148557662964 0.00111881888005883 -0.00385997793637216
v -0.03129812702536583 0.00154122605454177 0.00460116378962994
v -0.03129706531763077 0.00150164589285851 0.00469460943713784
v -0.03129471093416214 0.00155739707406610 0.00453598052263260
v -0.03129430115222931 0.00155832443851978 0.00453073577955365
v -0.03128314018249512 0.00141838227864355 0.00480905687436461
v -0.03127694502472878 0.00131519127171487 -0.00391261512413621
v -0.03127020224928856 0.00155930907931179 0.00435906276106834
v -0.03126120567321777 0.00132877868600190 0.00488345883786678
v -0.03124650008976460 0.00184464873746037 -0.00409067329019308
v -0.03123989328742027 0.00125435914378613 0.00492328777909279
v -0.03122934512794018 0.00158369285054505 0.00457430677488446
v -0.03122765757143497 0.00150449655484408 0.00420011114329100
v -0.03121748752892017 0.00159115961287171 0.00439645210281014
v -0.03120998106896877 0.00121461064554751 0.00494353752583265
v -0.03120750188827515 0.00146990991197526 0.00414677709341049
v -0.03120129555463791 0.00152777635958046 0.00474139815196395
v -0.03117179684340954 0.00140047224704176 0.00407312251627445
v -0.03116725198924541 0.00154924695380032 0.00423047319054604
v -0.03115415200591087 0.00167506164871156 0.00455212919041514
v -0.03114001452922821 0.00167315267026424 0.00438253162428737
v -0.03113694302737713 0.00143057026434690 0.00487647671252489
v -0.03113357536494732 0.00131700898054987 0.00401754491031170
v -0.03112952224910259 0.00170639180578291 -0.00398116186261177
v -0.03112212568521500 0.00164239807054400 0.00471606990322471
v -0.03110933303833008 0.00125976430717856 0.00399328349158168
v -0.03110901452600956 0.00108060764614493 0.00499039608985186
v -0.03109537996351719 0.00128060148563236 0.00495403911918402
v -0.03108501434326172 0.00146327365655452 0.00409751571714878
v -0.03108137287199497 0.00163690175395459 0.00422692392021418
v -0.03104791976511478 0.00109922315459698 0.00397024443373084
v -0.03104768134653568 0.00157896720338613 0.00485537387430668
v -0.03103502839803696 0.00184784736484289 0.00450637051835656
v -0.03102303668856621 0.00133847037795931 0.00496093509718776
v -0.03101761266589165 0.00183164211921394 0.00466206436976790
v -0.03099463507533073 -0.00748453196138144 0.00394189031794667
v -0.03099463507533073 -0.00742786843329668 0.00428159628063440
v -0.03099463507533073 -0.00720044877380133 0.00464788917452097
v -0.03099463321268559 -0.00683995243161917 0.00488439062610269
v -0.03099463321268559 -0.00649234512820840 0.00494964234530926
v -0.03099463321268559 0.00092908530496061 0.00500740204006433
v -0.03098500147461891 0.00157049915287644 0.00410334626212716
v -0.03098126687109470 0.00134421396069229 0.00401446223258972
v -0.03096103109419346 0.00178898335434496 0.00480273133143783
v -0.03092535957694054 0.00155800557695329 0.00494181318208575
v -0.03089759312570095 0.00203783879987895 0.00444790953770280
v -0.03089614957571030 0.00203565391711891 0.00459591904655099
v -0.03088966198265553 0.00203256518580019 0.00439680088311434
v -0.03088906966149807 0.00203026272356510 0.00463804369792342
v -0.03087582252919674 0.00172759883571416 0.00490990094840527
v -0.03086659871041775 0.00201672292314470 0.00431352993473411
v -0.03086315281689167 0.00201103975996375 0.00472744414582849
v -0.03086208924651146 0.00148165074642748 0.00402608234435320
v -0.03086105361580849 0.00200949469581246 0.00473287422209978
v -0.03081889450550079 0.00169319205451757 0.00495702121406794
v -0.03080992400646210 0.00126878090668470 0.00399756990373135
v -0.03079969249665737 0.00196989439427853 0.00418475177139044
v -0.03079939074814320 0.00196452415548265 0.00484660081565380
v -0.03079573437571526 0.00237791682593524 -0.00450584804639220
v -0.03079423680901527 0.00237531447783113 -0.00442628189921379
v -0.03077689372003078 0.00235143047757447 -0.00430624280124903
v -0.03076083213090897 0.00219242903403938 0.00465912930667400
v -0.03074618428945541 0.00156084401533008 0.00502489274367690
v -0.03074259124696255 0.00230519380420446 -0.00419780891388655
v -0.03071736730635166 0.00215980643406510 0.00477854907512665
v -0.03071187622845173 0.00226406916044652 -0.00413583405315876
v -0.03068326041102409 0.00188753579277545 0.00407185219228268
v -0.03066572919487953 0.00141952710691839 0.00506674870848656
v -0.03066202998161316 0.00142496079206467 0.00506808515638113
v -0.03064652904868126 -0.00649283034726977 0.00501218531280756
v -0.03064394183456898 0.00236383522860706 0.00446504401043057
v -0.03063921257853508 0.00236396957188845 0.00458446005359292
v -0.03063444606959820 0.00216085836291313 -0.00404031341895461
v -0.03062736243009567 0.00234486046247184 0.00434822123497725
v -0.03062475658953190 -0.00684046884998679 0.00495084514841437
v -0.03061343729496002 0.00234525045379996 0.00469964509829879
v -0.03061131946742535 0.00213011936284602 -0.00402250047773123
v -0.03061038255691528 0.00183572026435286 0.00403509987518191
v -0.03059041872620583 0.00230812234804034 0.00424066698178649
v -0.03056504577398300 0.00164005672559142 0.00401228526607156
v -0.03054340928792953 -0.00720107974484563 0.00472895940765738
v -0.03053522109985352 0.00225572730414569 0.00414852285757661
v -0.03049680590629578 0.00251957192085683 0.00450544478371739
v -0.03049463592469692 -0.01240655407309532 -0.00609671929851174
v -0.03049463592469692 -0.01238480955362320 -0.00889068096876144
v -0.03049463592469692 -0.00747013371437788 0.00209194654598832
v -0.03049463592469692 -0.00743666756898165 -0.00220792321488261
v -0.03049463592469692 -0.00740670645609498 -0.00605780677869916
v -0.03049463592469692 -0.00739274313673377 -0.00785179901868105
v -0.03049463592469692 -0.00725488085299730 -0.00835074111819267
v -0.03049463592469692 -0.00688601797446609 -0.00871390663087368
v -0.03049463406205177 -0.00638499110937119 -0.00884398538619280
v -0.03049463406205177 -0.00148471153806895 0.00398858590051532
v -0.03049463406205177 -0.00147031340748072 0.00213864189572632
v -0.03049463406205177 -0.00143684924114496 -0.00216122786514461
v -0.03049463406205177 -0.00142245111055672 -0.00401117186993361
v -0.03049463406205177 0.00175313570071012 0.00401378516107798
v -0.03049463406205177 0.00197541224770248 -0.00398472696542740
v -0.03049286641180515 0.00250765495002270 0.00439811451360583
v -0.03048465400934219 0.00251455279067159 0.00461270334199071
v -0.03047302737832069 0.00247936835512519 0.00429572584107518
v -0.03046492487192154 0.00219066301360726 0.00407705456018448
v -0.03044201247394085 0.00235003582201898 0.00497214309871197
v -0.03043821081519127 0.00243602739647031 0.00420306203886867
v -0.03042404353618622 0.00212256493978202 0.00513749616220593
v -0.03041851520538330 -0.01278922520577908 -0.00609969766810536
v -0.03041851520538330 -0.01276748068630695 -0.00889365933835506
v -0.03041851520538330 -0.01275880262255669 -0.00594716146588326
v -0.03041851520538330 -0.01267018821090460 -0.00581933138892055
v -0.03041851520538330 -0.01253801956772804 -0.00573732657358050
v -0.03041851520538330 -0.01240953244268894 -0.00571404770016670
v -0.03041851520538330 -0.00740968482568860 -0.00567513518035412
v -0.03041652031242847 -0.00742867682129145 0.00438546435907483
v -0.03040132857859135 0.00254035973921418 0.00476835528388619
v -0.03039331734180450 0.00200045574456453 0.00520150084048510
v -0.03038354404270649 0.00211664824746549 0.00403033941984177
v -0.03034880757331848 0.00187597528565675 0.00525126280263066
v -0.03033405728638172 0.00265277083963156 0.00442407373338938
v -0.03033056110143661 0.00266067613847554 0.00452080694958568
v -0.03032601438462734 0.00263014086522162 0.00432999618351460
v -0.03029572777450085 0.00203791051171720 0.00401105266064405
v -0.03028420358896255 -0.00649465015158057 0.00524586671963334
v -0.03027709387242794 0.00254463497549295 0.00416367780417204
v -0.03024669177830219 -0.00748566025868058 0.00408700667321682
v -0.03023976832628250 -0.00684240274131298 0.00519914226606488
v -0.03020174242556095 -0.01311363838613033 -0.00610222294926643
v -0.03020174242556095 -0.01309189386665821 -0.00889618415385485
v -0.03020174242556095 -0.01305742375552654 -0.00582037167623639
v -0.03020174242556095 -0.01289368607103825 -0.00558417383581400
v -0.03020174242556095 -0.01264947187155485 -0.00543264811858535
v -0.03020174242556095 -0.01241205725818872 -0.00538963405415416
v -0.03020174242556095 -0.00741220870986581 -0.00535072153434157
v -0.03019123151898384 0.00241702538914979 0.00404659053310752
v -0.03015307150781155 0.00271803815849125 0.00500542856752872
v -0.03009954094886780 0.00244360091164708 0.00550702586770058
v -0.03009788319468498 0.00221110926941037 0.00557486340403557
v -0.03008160926401615 0.00257011852227151 -0.00399715639650822
v -0.03008114360272884 0.00226630014367402 0.00399634940549731
v -0.03007375076413155 -0.00720343645662069 0.00503186509013176
v -0.03005393967032433 -0.00649748742580414 0.00561036728322506
v -0.03004849888384342 0.00266265333630145 0.00541719468310475
v -0.03003017418086529 0.00286607234738767 0.00483051687479019
v -0.03000937961041927 0.00230327597819269 0.00584702799096704
v -0.02999510429799557 -0.00684541743248701 0.00558644020929933
v -0.02999474480748177 0.00168117065913975 -0.00876920670270920
v -0.02999467216432095 0.00192604388576001 -0.00871600024402142
v -0.02999463677406311 -0.01255532074719667 0.01301812008023262
v -0.02999463677406311 -0.01249994523823261 0.00590291712433100
v -0.02999463677406311 -0.01238480955362320 -0.00889068096876144
v -0.02999463677406311 -0.01235117856413126 -0.01321192272007465
v -0.02999463491141796 -0.00650012679398060 0.00594961224123836
v -0.02999463491141796 0.00072225264739245 0.01312145683914423
v -0.02999463491141796 0.00092639855574816 -0.01310858502984047
v -0.02999463491141796 0.00107995793223381 0.01304076705127954
v -0.02999463491141796 0.00127863185480237 -0.01302444562315941
v -0.02999463491141796 0.00131348217837512 0.01285298168659210
v -0.02999463491141796 0.00140355119947344 0.01265343185514212
v -0.02999463491141796 0.00148768711369485 -0.00878271460533142
v -0.02999463491141796 0.00151119602378458 -0.01283391285687685
v -0.02999463491141796 0.00160033092834055 -0.01263001468032598
v -0.02999463491141796 0.00190195371396840 -0.01063215080648661
v -0.02999463491141796 0.00192527240142226 0.00934593565762043
v -0.02999463491141796 0.00214908062480390 -0.00862666405737400
v -0.02999463118612766 0.00229728245176375 0.00601807842031121
v -0.02999449521303177 0.00193912198301405 0.00936836749315262
v -0.02999449521303177 0.00231388350948691 0.00601956062018871
v -0.02997686155140400 0.00214290898293257 -0.01024780143052340
v -0.02997402474284172 0.00242005102336407 -0.00394724402576685
v -0.02996882610023022 0.00162564287893474 0.01269362308084965
v -0.02996325120329857 -0.00684183044359088 0.00569838890805840
v -0.02996175363659859 0.00173814641311765 -0.01295313797891140
v -0.02996175177395344 0.00153632578440011 0.01297866366803646
v -0.02996056154370308 -0.01275875605642796 0.00590090267360210
v -0.02994834817945957 0.00133329082746059 0.01324078254401684
v -0.02994834817945957 0.00153921882156283 -0.01321838516741991
v -0.02994777075946331 0.00285543128848076 0.00531065044924617
v -0.02993317320942879 -0.00696503091603518 0.00560080586001277
v -0.02993282675743103 -0.01249725092202425 0.00555681064724922
v -0.02993279136717319 0.00252230302430689 -0.00838756002485752
v -0.02992992103099823 0.00104468746576458 0.01343129202723503
v -0.02992992103099823 0.00125361350364983 -0.01341336499899626
v -0.02992906607687473 0.00274001364596188 0.00572288315743208
v -0.02992528304457664 0.00266169896349311 0.00605051731690764
v -0.02992513030767441 0.00228554010391235 0.00941512733697891
v -0.02992275543510914 -0.01255821902304888 0.01339038927108049
v -0.02992275357246399 0.00071935617597774 0.01349372602999210
v -0.02992275357246399 0.00092929508537054 -0.01348085515201092
v -0.02991851605474949 -0.01293799374252558 0.01301514171063900
v -0.02991176955401897 -0.01255842391401529 0.01341668795794249
v -0.02991064265370369 -0.00703284796327353 0.00554428948089480
v -0.02990509942173958 -0.01276475470513105 -0.01321514137089252
v -0.02990509942173958 -0.01273204199969769 -0.01337316539138556
v -0.02990509942173958 -0.01264134515076876 -0.01350664161145687
v -0.02990509942173958 -0.01250647287815809 -0.01359524950385094
v -0.02990509942173958 -0.01234795991331339 -0.01362549979239702
v -0.02990003302693367 0.00201919977553189 -0.01269910205155611
v -0.02989583089947701 -0.01293161883950233 0.01323316991329193
v -0.02989436313509941 -0.00748709775507450 0.00427173078060150
v -0.02988616190850735 -0.01273582689464092 0.00551621057093143
v -0.02987747453153133 0.00186569057404995 0.01273706462234259
v -0.02987731993198395 -0.01333040557801723 -0.00610391004011035
v -0.02987731993198395 -0.01330866105854511 -0.00889787171036005
v -0.02987731993198395 -0.01325695775449276 -0.00573565391823649
v -0.02987731993198395 -0.01304302085191011 -0.00542704621329904
v -0.02987731993198395 -0.01272394228726625 -0.00522906845435500
v -0.02987731993198395 -0.01241374388337135 -0.00517286779358983
v -0.02987731993198395 -0.00741389533504844 -0.00513395527377725
v -0.02986217662692070 0.00173631275538355 0.01311673782765865
v -0.02986217662692070 0.00194025982636958 -0.01308808289468288
v -0.02986066043376923 -0.01288479380309582 -0.00889457296580076
v -0.02986066043376923 -0.01285116281360388 -0.01321581378579140
v -0.02985049784183502 0.00271086813881993 -0.00822587125003338
v -0.02984159067273140 0.00248394184745848 -0.01029261853545904
v -0.02984118647873402 -0.01273864787071943 0.01351786404848099
v -0.02982817217707634 -0.00720067927613854 0.00539167830720544
v -0.02981479093432426 -0.00743169663473964 0.00477354973554611
v -0.02981171943247318 0.00300551811233163 0.00517644500359893
v -0.02981017157435417 0.00293300021439791 0.00567617453634739
v -0.02980950847268105 0.00148914102464914 0.01347206253558397
v -0.02980950847268105 0.00169864739291370 -0.01344721298664808
v -0.02976324968039989 0.00203303014859557 0.01276734843850136
v -0.02976324968039989 0.00223150500096381 -0.01273411884903908
v -0.02975899539887905 -0.01314471662044525 0.00589789869263768
v -0.02974697574973106 -0.00730295805260539 0.00528456829488277
v -0.02973837219178677 0.00113019859418273 0.01373394019901752
v -0.02973837219178677 0.00134382420219481 -0.01371464692056179
v -0.02972932159900665 0.00297298538498580 0.00607822323217988
v -0.02972875721752644 0.00259547401219606 0.00945696234703064
v -0.02972681261599064 -0.01256062183529139 0.01369921490550041
v -0.02970278449356556 0.00190808239858598 0.01323533430695534
v -0.02970278449356556 0.00211385427974164 -0.01320399250835180
v -0.02970174327492714 -0.01326240692287683 0.01301261689513922
v -0.02970174327492714 -0.01249444298446178 0.00519583187997341
v -0.02969925291836262 0.00114126608241349 -0.01380148343741894
v -0.02969164773821831 -0.01312396023422480 0.00554967625066638
v -0.02967915497720242 -0.01318824943155050 0.01337983272969723
v -0.02967442199587822 -0.01267655938863754 0.00519108958542347
v -0.02966070733964443 -0.01256112568080425 0.01376398559659719
v -0.02965634502470493 -0.01256115548312664 0.01376785803586245
v -0.02965634316205978 0.00071641965769231 0.01387119479477406
v -0.02965634316205978 0.00093223148724064 -0.01385832298547029
v -0.02965524792671204 -0.01329613104462624 0.01313974708318710
v -0.02965289540588856 0.00178067525848746 0.01345778070390224
v -0.02965252287685871 -0.01310427207499743 -0.01321778353303671
v -0.02965252287685871 -0.01304470188915730 -0.01350553333759308
v -0.02965252287685871 -0.01287955138832331 -0.01374858524650335
v -0.02965252287685871 -0.01263395883142948 -0.01390993315726519
v -0.02965252287685871 -0.01234531588852406 -0.01396501623094082
v -0.02964727021753788 0.00322127062827349 -0.00416951673105359
v -0.02963268943130970 0.00326475221663713 -0.00434507708996534
v -0.02962025254964828 0.00313099636696279 -0.00401444267481565
v -0.02961040101945400 -0.01323941722512245 0.01340907532721758
v -0.02960394136607647 0.00218610977753997 -0.01325223967432976
v -0.02960360050201416 0.00310217705555260 0.00592016521841288
v -0.02960263006389141 0.00116434169467539 0.01385477837175131
v -0.02959659881889820 0.00309265800751746 0.00608888501301408
v -0.02959619276225567 0.00303215999156237 -0.00785459112375975
v -0.02959607355296612 0.00285591324791312 0.00836112815886736
v -0.02959576249122620 0.00271453335881233 0.00947303324937820
v -0.02959548868238926 0.00275130989030004 -0.01031280029565096
v -0.02959459647536278 0.00219079200178385 0.01279589813202620
v -0.02959459647536278 0.00238969246856868 -0.01276020985096693
v -0.02959164604544640 0.00182595383375883 -0.01362992916256189
v -0.02959164418280125 0.00161358586046845 0.01365673821419477
v -0.02957306243479252 -0.01302778348326683 0.01368310209363699
v -0.02956178598105907 -0.00746847735717893 0.00187903584446758
v -0.02956178598105907 -0.00743832625448704 -0.00199501286260784
v -0.02956178411841393 -0.00146865705028176 0.00192573142703623
v -0.02956178411841393 -0.00143850583117455 -0.00194831739645451
v -0.02955526858568192 0.00300588086247444 -0.00390020175836980
v -0.02952166460454464 0.00162899808492512 -0.01379902102053165
v -0.02949998155236244 -0.01307031139731407 0.00525537738576531
v -0.02949463576078415 -0.01340652443468571 -0.00610450189560652
v -0.02949463576078415 -0.01338477805256844 -0.00889846403151751
v -0.02949463576078415 -0.01332702301442623 -0.00570590468123555
v -0.02949463576078415 -0.01325080916285515 -0.00889742095023394
v -0.02949463576078415 -0.01321717631071806 -0.01321866177022457
v -0.02949463576078415 -0.01309546083211899 -0.00537187000736594
v -0.02949463576078415 -0.01275009196251631 -0.00515758059918880
v -0.02949463576078415 -0.01241433620452881 -0.00509674986824393
v -0.02949463576078415 -0.00741448812186718 -0.00505783734843135
v -0.02949455380439758 0.00203979597426951 0.01332621090114117
v -0.02949453890323639 0.00224694283679128 -0.01329286117106676
v -0.02949092723429203 -0.00745781697332859 0.00507397623732686
v -0.02948708645999432 0.00071547779953107 0.01399177033454180
v -0.02946557663381100 -0.01275885477662086 0.01387648470699787
v -0.02946080453693867 0.00286234100349247 -0.00384191656485200
v -0.02945941500365734 0.00166009657550603 0.01372575853019953
v -0.02945941500365734 0.00187353277578950 -0.01369821652770042
v -0.02945182844996452 0.00217125844210386 -0.01343242358416319
v -0.02944612689316273 0.00119111163076013 0.01394952554255724
v -0.02944612689316273 0.00140808825381100 -0.01392925716936588
v -0.02942760661244392 0.00332761462777853 0.00415886752307415
v -0.02941346913576126 0.00188899377826601 0.01356906909495592
v -0.02941250242292881 -0.01340842619538307 0.00589584652334452
v -0.02941229008138180 0.00290434877388179 -0.00382828176952899
v -0.02940887212753296 -0.00148354377597570 0.00383841129951179
v -0.02940887212753296 -0.00142362283077091 -0.00386099773459136
v -0.02940739132463932 0.00323907029815018 0.00400631362572312
v -0.02940727584064007 0.00337145617231727 0.00432970188558102
v -0.02937731891870499 -0.01347917225211859 0.01301093026995659
v -0.02936839684844017 0.00117309961933643 -0.01401741616427898
v -0.02936497889459133 -0.01339377928525209 0.00565011752769351
v -0.02935796231031418 -0.01259008422493935 0.00497562624514103
v -0.02934924513101578 0.00311703700572252 0.00389120914041996
v -0.02934075333178043 -0.01249264366924763 0.00496475398540497
v -0.02932870388031006 -0.01337366178631783 0.01348579395562410
v -0.02931884862482548 0.00191484030801803 -0.01374322641640902
v -0.02931703627109528 -0.01347506698220968 0.01324200723320246
v -0.02931561507284641 0.00169419252779335 0.01377614960074425
v -0.02928213775157928 -0.01330892834812403 -0.01321937609463930
v -0.02928213775157928 -0.01323317270725965 -0.01358532439917326
v -0.02928213775157928 -0.01302313990890980 -0.01389442570507526
v -0.02928213775157928 -0.01271080784499645 -0.01409962121397257
v -0.02928213775157928 -0.01234372425824404 -0.01416967343539000
v -0.02927417121827602 0.00120959070045501 0.01401490066200495
v -0.02926043234765530 0.00297684688121080 0.00382813275791705
v -0.02924868278205395 -0.01256284862756729 0.01398528274148703
v -0.02924868091940880 0.00071472645504400 0.01408861950039864
v -0.02924868091940880 0.00093392463168129 -0.01407574862241745
v -0.02924463525414467 -0.00749256042763591 0.00497361319139600
v -0.02922972664237022 -0.01335592102259398 0.00544244050979614
v -0.02921352349221706 -0.01299203559756279 0.00506033981218934
v -0.02920428290963173 0.00167820148635656 -0.01391733158379793
v -0.02919741161167622 -0.01340550370514393 0.01350399106740952
v -0.02918511629104614 -0.01318379957228899 0.01377226319164038
v -0.02914972044527531 -0.01288587693125010 0.01394907664507627
v -0.02911471202969551 0.00126673316117376 0.01403256226330996
v -0.02909272909164429 0.00121941266115755 0.01404930278658867
v -0.02909261919558048 0.00143764552194625 -0.01402792427688837
v -0.02908308990299702 0.00071450026007369 0.01411750726401806
v -0.02908080630004406 0.00237330840900540 0.01326476503163576
v -0.02908080443739891 0.00257948529906571 -0.01322618033736944
v -0.02904494106769562 0.00262178201228380 0.01272863894701004
v -0.02904491126537323 0.00281960563734174 -0.01268624700605869
v -0.02902758121490479 -0.01330068334937096 0.00530480965971947
v -0.02899463661015034 -0.01355529110878706 0.01301033701747656
v -0.02899463661015034 -0.01349991559982300 0.00589513452723622
v -0.02899463661015034 -0.01349048875272274 0.00576571095734835
v -0.02899463661015034 -0.01342354062944651 0.01351429987698793
v -0.02899463661015034 -0.01342081837356091 0.00551305478438735
v -0.02899463661015034 -0.01338477805256844 -0.00889846403151751
v -0.02899463661015034 -0.01335114706307650 -0.01321970578283072
v -0.02899463661015034 -0.01320152729749680 0.00519032822921872
v -0.02899463661015034 -0.01287542749196291 0.00497608724981546
v -0.02899463661015034 -0.01256310474127531 0.01401808951050043
v -0.02899463661015034 -0.01249216217547655 0.00490294722840190
v -0.02899463661015034 -0.00749231362715364 0.00494185974821448
v -0.02897876314818859 0.00096427969401702 0.01410589087754488
v -0.02897874265909195 0.00118367199320346 -0.01408913917839527
v -0.02896225638687611 -0.01352276839315891 0.01326911058276892
v -0.02894707582890987 -0.01348212920129299 0.01339063514024019
v -0.02894707582890987 -0.01327207405120134 -0.01359881740063429
v -0.02893176861107349 -0.01342182420194149 0.01351331826299429
v -0.02890675514936447 -0.01326786726713181 0.01371422037482262
v -0.02890675514936447 -0.01305280346423388 -0.01391902845352888
v -0.02890641428530216 -0.01305002998560667 -0.01392172742635012
v -0.02890419401228428 0.00101286626886576 -0.01410211995244026
v -0.02887981571257114 -0.01294512767344713 0.01393183041363955
v -0.02887981571257114 -0.01272671483457088 -0.01413158979266882
v -0.02887968532741070 -0.01272417232394218 -0.01413260772824287
v -0.02887035533785820 -0.01256304327398539 0.01401033718138933
v -0.02887035533785820 -0.01234345603734255 -0.01420413888990879
v -0.02887035347521305 0.00071453012060374 0.01411367394030094
v -0.02887035161256790 0.00093412084970623 -0.01410080213099718
v -0.02881369739770889 -0.00746383285149932 0.00128247402608395
v -0.02881369739770889 -0.00744296889752150 -0.00139845092780888
v -0.02881369553506374 -0.00146401650272310 0.00132916937582195
v -0.02881369553506374 -0.00144315033685416 -0.00135175557807088
v -0.02881238609552383 0.00209835125133395 0.01370952278375626
v -0.02881238423287868 0.00231148488819599 -0.01367516256868839
v -0.02857357636094093 0.00391485542058945 0.00365885696373880
v -0.02857336960732937 0.00396974384784698 -0.00359569489955902
v -0.02856853976845741 0.00406389450654387 -0.00372859439812601
v -0.02856837585568428 0.00400588987395167 0.00379243027418852
v -0.02854247018694878 0.00379745429381728 0.00355206360109150
v -0.02854137681424618 0.00384942768141627 -0.00349057046696544
v -0.02852736972272396 0.00412181206047535 -0.00387511821463704
v -0.02852736786007881 0.00406099809333682 0.00393884209915996
v -0.02851784974336624 0.00387757876887918 -0.00754439225420356
v -0.02851529605686665 0.00368092069402337 0.00831434596329927
v -0.02851529605686665 0.00380987976677716 -0.00825603678822517
v -0.02849460393190384 0.00305315316654742 0.01266130525618792
v -0.02849460020661354 0.00324985664337873 -0.01261221058666706
v -0.02847827039659023 0.00366593734361231 0.00348325795494020
v -0.02847826853394508 0.00371970143169165 -0.00342573644593358
v -0.02847046405076981 0.00170253496617079 0.01397643331438303
v -0.02847046218812466 0.00191986782010645 -0.01394820213317871
v -0.02839854173362255 -0.00745712546631694 0.00042041705455631
v -0.02839854173362255 -0.00744967861101031 -0.00053639401448891
v -0.02839853987097740 -0.00145730690564960 0.00046711246250197
v -0.02839853987097740 -0.00144985993392766 -0.00048969860654324
v -0.02835282869637012 0.00315383262932301 -0.01312053576111794
v -0.02834936231374741 0.00294624967500567 0.01317760720849037
v -0.02834499254822731 0.00425326684489846 -0.00378176732920110
v -0.02829605527222157 0.00148757069837302 0.01402670610696077
v -0.02829605340957642 0.00170571589842439 -0.01400181371718645
v -0.02827421948313713 0.00397228542715311 0.00716501660645008
v -0.02827421948313713 0.00408336799591780 -0.00710174348205328
v -0.02821093797683716 0.00324502005241811 0.01265923865139484
v -0.02813977003097534 0.00150523253250867 -0.01400484796613455
v -0.02813927829265594 0.00128745217807591 0.01402656082063913
v -0.02813769318163395 0.00330655998550355 -0.01309240050613880
v -0.02813629060983658 0.00310335401445627 0.01314211823046207
v -0.02808498963713646 0.00288741593249142 -0.01357525773346424
v -0.02808100357651711 0.00267124781385064 0.01362237054854631
v -0.02802466973662376 0.00354424794204533 -0.01260252203792334
v -0.02801919169723988 0.00403483817353845 -0.00311067677102983
v -0.02801886014640331 0.00398590369150043 0.00317287934012711
v -0.02801347337663174 0.00420554354786873 -0.00314030656591058
v -0.02801041677594185 0.00415773410350084 0.00320308352820575
v -0.02800022996962070 0.00434738770127296 -0.00323469541035593
v -0.02799690514802933 0.00429819338023663 0.00329959671944380
v -0.02796283736824989 0.00441522616893053 0.00362654984928668
v -0.02794908359646797 0.00445498991757631 -0.00335720367729664
v -0.02794547006487846 0.00440390920266509 0.00342370057478547
v -0.02789976447820663 0.00409246096387506 -0.00301233888603747
v -0.02789933048188686 0.00404502917081118 0.00307534146122634
v -0.02789684198796749 -0.00147725595161319 0.00303023867309093
v -0.02789684198796749 -0.00142991112079471 -0.00305282464250922
v -0.02789500355720520 0.00302228843793273 -0.01355041004717350
v -0.02789379097521305 0.00281190802343190 0.01359565276652575
v -0.02776591666042805 0.00455755833536386 -0.00342435366474092
v -0.02774096652865410 0.00249331607483327 -0.01385059859603643
v -0.02773916907608509 0.00227536051534116 0.01388929318636656
v -0.02761600911617279 0.00415235199034214 0.00280974269844592
v -0.02761596441268921 0.00351838255301118 0.01264313142746687
v -0.02758789621293545 0.00260197860188782 -0.01383057981729507
v -0.02758694812655449 0.00238716462627053 0.01386929303407669
v -0.02756481245160103 0.00227698381058872 -0.01390512380748987
v -0.02756480686366558 0.00206036260351539 0.01393957063555717
v -0.02754704095423222 0.00421415083110332 -0.00267127924598753
v -0.02753041125833988 0.00421818438917398 -0.00265300669707358
v -0.02749446779489517 0.00440010055899620 -0.00265990803018212
v -0.02748897485435009 0.00435963831841946 0.00272208708338439
v -0.02743709832429886 0.00455694179981947 -0.00273857149295509
v -0.02743113413453102 0.00451537780463696 0.00280298758298159
v -0.02740807645022869 0.00186020298860967 0.01393943093717098
v -0.02740807272493839 0.00207694550044835 -0.01390874851495028
v -0.02738520503044128 0.00378160830587149 -0.01257648132741451
v -0.02737773954868317 0.00463417032733560 0.00319328601472080
v -0.02733773551881313 0.00466899713501334 -0.00284648826345801
v -0.02733123674988747 0.00462574791163206 0.00291245058178902
v -0.02730227261781693 0.00464929919689894 -0.00433659367263317
v -0.02730227075517178 0.00458118738606572 0.00440930528566241
v -0.02729952707886696 0.00470203533768654 -0.00305174896493554
v -0.02729914337396622 0.00465405592694879 0.00312427640892565
v -0.02729474939405918 0.00435139238834381 0.00720056891441345
v -0.02729474939405918 0.00446298345923424 -0.00713139818981290
v -0.02728360146284103 0.00402109278365970 0.00998173560947180
v -0.02728360146284103 0.00417599966749549 -0.00991766247898340
v -0.02726969867944717 0.00361166358925402 0.01262807287275791
v -0.02726960554718971 0.00380770582705736 -0.01257065963000059
v -0.02724067121744156 0.00381351308897138 -0.01256915181875229
v -0.02723963186144829 0.00361771485768259 0.01262659206986427
v -0.02720985934138298 0.00472087040543556 -0.00296900607645512
v -0.02720286697149277 0.00467554479837418 0.00303555605933070
v -0.02716736309230328 0.00370403029955924 -0.01296776626259089
v -0.02716626413166523 0.00350195122882724 0.01302371826022863
v -0.02714946679770947 0.00423835730180144 0.00222621229477227
v -0.02712514437735081 0.00423992937430739 0.00218866765499115
v -0.02708836272358894 0.00427442090585828 -0.00206375471316278
v -0.02705253846943378 0.00446705566719174 -0.00207711430266500
v -0.02704594470560551 0.00443469127640128 0.00213584699667990
v -0.02703880332410336 0.00337305385619402 -0.01344043575227261
v -0.02703784406185150 0.00316367577761412 0.01349117793142796
v -0.02695725485682487 0.00463397521525621 -0.00213663396425545
v -0.02695011347532272 0.00460080290213227 0.00219762255437672
v -0.02692559361457825 0.00385803426615894 -0.01255135610699654
v -0.02692174538969994 0.00366259575821459 0.01260931883007288
v -0.02689921483397484 0.00288419006392360 -0.01374212093651295
v -0.02689845487475395 0.00267018727026880 0.01378525700420141
v -0.02686206065118313 -0.00146661745384336 0.00166329508647323
v -0.02686206065118313 -0.00144054973497987 -0.00168588128872216
v -0.02686201781034470 0.00423847232013941 0.00170760136097670
v -0.02686201781034470 0.00426457449793816 -0.00164138374384493
v -0.02685793861746788 0.00213448470458388 0.01387265697121620
v -0.02685419470071793 0.00235101184807718 -0.01383723877370358
v -0.02681515179574490 0.00473117269575596 0.00262205372564495
v -0.02681357227265835 0.00474329944700003 -0.00222541252151132
v -0.02680576220154762 0.00470866123214364 0.00228772172704339
v -0.02676674723625183 0.00423008576035500 0.00148311606608331
v -0.02676632814109325 0.00425259675830603 -0.00141597585752606
v -0.02671982720494270 0.00443958956748247 0.00149329844862223
v -0.02670922689139843 0.00448361178860068 -0.00142582249827683
v -0.02667205221951008 0.00452353013679385 0.00150863791350275
v -0.02665792219340801 0.00477701844647527 -0.00234731053933501
v -0.02663618326187134 0.00474053854122758 0.00239159818738699
v -0.02662584558129311 0.00423081684857607 -0.00098305544815958
v -0.02660866640508175 0.00435787066817284 -0.00098272983450443
v -0.02659631147980690 0.00463194213807583 -0.00146179425064474
v -0.02659538760781288 0.00460980087518692 0.00153511017560959
v -0.02655652537941933 0.00466421246528625 -0.00147553835995495
v -0.02652993053197861 0.00452502537518740 -0.00099704694002867
v -0.02650205045938492 0.00420508952811360 0.00027207072707824
v -0.02649490907788277 0.00420597568154335 0.00004092392555322
v -0.02649463340640068 -0.00145358184818178 -0.00001129301654146
v -0.02649351395666599 0.00450556911528111 0.00091573258396238
v -0.02648521214723587 0.00433231331408024 0.00027320525259711
v -0.02641744539141655 0.00450606923550367 -0.00036594262928702
v -0.02641696110367775 0.00473362766206264 -0.00152609206270427
v -0.02641662023961544 0.00470952410250902 0.00160070962738246
v -0.02640501782298088 0.00449951458722353 0.00027817673981190
v -0.02639964222908020 0.00465067988261580 -0.00102648639585823
v -0.02636220864951611 0.00463080825284123 0.00094265857478604
v -0.02634060569107533 0.00474930740892887 -0.00155494268983603
v -0.02633561007678509 0.00473330076783895 0.00191620108671486
v -0.02628401480615139 0.00463163899257779 -0.00037678485387005
v -0.02627123892307281 0.00462494511157274 0.00028631911845878
v -0.02624551951885223 0.00216590543277562 0.01379619166254997
v -0.02624551765620708 0.00238037994131446 -0.01376076973974705
v -0.02623404935002327 0.00472012627869844 -0.00106734072323889
v -0.02621635980904102 0.00472006760537624 0.00167803547810763
v -0.02621587552130222 0.00474554346874356 -0.00160323013551533
v -0.02620874531567097 0.00462559890002012 -0.00500309839844704
v -0.02620816044509411 0.00451903091743588 0.00544943055137992
v -0.02620469033718109 0.00443952297791839 0.00639651482924819
v -0.02620415203273296 0.00453845271840692 -0.00632656365633011
v -0.02619514428079128 0.00469962321221828 0.00097851885948330
v -0.02619287185370922 0.00431654322892427 -0.00877898093312979
v -0.02619087696075439 0.00412881141528487 0.00924983900040388
v -0.02617874741554260 0.00286924256943166 -0.01366364769637585
v -0.02617521025240421 0.00268787681125104 0.01369480416178703
v -0.02616863884031773 0.00363308051601052 0.01255666092038155
v -0.02616863697767258 0.00382808060385287 -0.01249855197966099
v -0.02614267170429230 0.00352684990502894 0.01289570145308971
v -0.02613850869238377 0.00333719491027296 -0.01337973866611719
v -0.02613755129277706 0.00367550156079233 -0.01294761337339878
v -0.02613595686852932 0.00318565103225410 0.01337838172912598
v -0.02612145990133286 0.00473244069144130 -0.00133447709959000
v -0.02611387707293034 0.00470079248771071 -0.00039234256837517
v -0.02610059827566147 0.00469388626515865 0.00029661535518244
v -0.02605781704187393 0.00472337100654840 -0.00111351150553674
v -0.02601721882820129 0.00470211636275053 0.00101795978844166
v -0.02591169252991676 0.00469693168997765 0.00014000103692524
v -0.02491021342575550 0.00452630966901779 0.00003622260192060
v -0.02480804920196533 0.00451033422723413 -0.00092451070668176
v -0.02480757050216198 0.00449527287855744 0.00099602586124092
v -0.02474624291062355 0.00446739466860890 0.00003572560672183
v -0.02464734017848969 0.00445185601711273 -0.00088723673252389
v -0.02464687637984753 0.00443738559260964 0.00095778726972640
v -0.02461245469748974 0.00435577053576708 0.00003482234387775
v -0.02452501840889454 0.00420506438240409 0.00003362324059708
v -0.02451669238507748 0.00434013642370701 -0.00085425475845113
v -0.02451624162495136 0.00432619173079729 0.00092301890254021
v -0.02451293729245663 0.00445031141862273 -0.00182600866537541
v -0.02451205998659134 0.00442112935706973 0.00189649767708033
v -0.02449463494122028 -0.00145358208101243 -0.00001129301836045
v -0.02449462935328484 0.00403350358828902 0.00003228822606616
v -0.02443204075098038 0.00418892735615373 -0.00082959316205233
v -0.02443160302937031 0.00417538499459624 0.00089597055921331
v -0.02440383285284042 0.00401669880375266 -0.00081628852058202
v -0.02440340816974640 0.00400338182225823 0.00087997154332697
v -0.02436179853975773 0.00439366325736046 -0.00175265187863261
v -0.02436094731092453 0.00436563976109028 0.00182221166323870
v -0.02424030378460884 0.00428216625005007 -0.00168751354794949
v -0.02423948049545288 0.00425517000257969 0.00175529578700662
v -0.02416365407407284 0.00412991084158421 -0.00163875671569258
v -0.02416285499930382 0.00410369131714106 0.00170413753949106
v -0.02414164133369923 0.00395598495379090 -0.00161236373241991
v -0.02414084412157536 0.00393018918111920 0.00167506199795753
v -0.02412720769643784 -0.00146661780308932 0.00166329508647323
v -0.02412720769643784 -0.00144055008422583 -0.00168588128872216
v -0.02405376732349396 0.00435428833588958 -0.00262399087660015
v -0.02405274473130703 0.00431267870590091 0.00269286939874291
v -0.02391795441508293 0.00430065393447876 -0.00251757260411978
v -0.02391696535050869 0.00426071695983410 0.00258557195775211
v -0.02381094172596931 0.00418967241421342 -0.00242333603091538
v -0.02380998618900776 0.00415121810510755 0.00248956913128495
v -0.02374662458896637 0.00403591617941856 -0.00235354178585112
v -0.02374569699168205 0.00399856595322490 0.00241735368035734
v -0.02373348176479340 0.00385938980616629 -0.00231735128909349
v -0.02373257279396057 0.00382261304184794 0.00237840204499662
v -0.02346586063504219 0.00423236517235637 -0.00329187023453414
v -0.02346470393240452 0.00418036105111241 0.00335856806486845
v -0.02335046045482159 0.00418265536427498 -0.00315634557045996
v -0.02334934473037720 0.00413277838379145 0.00322223501279950
v -0.02326241694390774 0.00407243007794023 -0.00303694559261203
v -0.02326133847236633 0.00402442319318652 0.00310108996927738
v -0.02321367524564266 0.00391683680936694 -0.00294991745613515
v -0.02321262843906879 0.00387019920162857 0.00301161990500987
v -0.02321107499301434 0.00373706710524857 -0.00290712947025895
v -0.02321005798876286 0.00369111588224769 0.00296601583249867
v -0.02309242635965347 -0.00147725653368980 0.00303023867309093
v -0.02309242635965347 -0.00142991170287132 -0.00305282464250922
v -0.02309224382042885 0.00366221484728158 0.00307039474137127
v -0.02309224009513855 0.00370962056331336 -0.00301298568956554
v -0.02278167009353638 0.00409395480528474 -0.00381748843938112
v -0.02278064936399460 0.00403382722288370 0.00388178741559386
v -0.02269114926457405 0.00404880382120609 -0.00365746184252203
v -0.02269016951322556 0.00399118103086948 0.00372103415429592
v -0.02264463715255260 -0.00745340250432491 -0.00005798847269034
v -0.02264463528990746 -0.00145358231384307 -0.00001129302017944
v -0.02262578159570694 0.00393951125442982 -0.00351736531592906
v -0.02262483164668083 0.00388408289290965 0.00357921631075442
v -0.02260288596153259 0.00359833845868707 -0.00337140262126923
v -0.02259485423564911 0.00378185836598277 -0.00341719528660178
v -0.02259393408894539 0.00372800719924271 0.00347657850943506
v -0.02257815748453140 0.00353928608819842 0.00344218616373837
v -0.02235659025609493 -0.00746176857501268 0.00101697898935527
v -0.02235659025609493 -0.00744503643363714 -0.00113295589108020
v -0.02235658839344978 -0.00146194838453084 0.00106367445550859
v -0.02235658839344978 -0.00144521624315530 -0.00108626054134220
v -0.02202859893441200 0.00394694739952683 -0.00419584522023797
v -0.02202814072370529 0.00388107285834849 0.00425722729414701
v -0.02196686342358589 0.00390673382207751 -0.00401648366823792
v -0.02196642383933067 0.00384365883655846 0.00407724361866713
v -0.02193353697657585 0.00345113780349493 -0.00370550178922713
v -0.02193294093012810 0.00339291361160576 0.00375924934633076
v -0.02192718908190727 0.00379850645549595 -0.00386054557748139
v -0.02192676812410355 0.00373787223361433 0.00391962472349405
v -0.02191547676920891 0.00363867171108723 -0.00375137059018016
v -0.02191506698727608 0.00357975391671062 0.00380796403624117
v -0.02158039435744286 -0.00148354482371360 0.00383841129951179
v -0.02158039435744286 -0.00142362376209348 -0.00386099773459136
v -0.02156963758170605 -0.00746789202094078 0.00180390977766365
v -0.02156963758170605 -0.00743891159072518 -0.00191988667938858
v -0.02156963571906090 -0.00146807357668877 0.00185060512740165
v -0.02156963571906090 -0.00143909128382802 -0.00187319132965058
v -0.02123074233531952 0.00379792158491910 -0.00442442018538713
v -0.02123071998357773 0.00372859509661794 0.00448302365839481
v -0.02122439816594124 0.00330201885662973 -0.00390728004276752
v -0.02120107039809227 0.00376277999021113 -0.00423148972913623
v -0.02120104804635048 0.00369645794853568 0.00428957073017955
v -0.02119762822985649 0.00349364872090518 -0.00395083706825972
v -0.02119760587811470 0.00343172904103994 0.00400476343929768
v -0.02118944004178047 0.00365568767301738 -0.00406493991613388
v -0.02118941769003868 0.00359197240322828 0.00412137387320399
v -0.02110796794295311 0.00321862520650029 0.00397788779810071
v -0.02049463428556919 -0.00747013511136174 0.00209194654598832
v -0.02049463428556919 -0.00743666896596551 -0.00220792321488261
v -0.02049463242292404 -0.00148471281863749 0.00398858590051532
v -0.02049463242292404 -0.00147031468804926 0.00213864189572632
v -0.02049463242292404 -0.00143685052171350 -0.00216122786514461
v -0.02049463242292404 -0.00142245239112526 -0.00401117186993361
v -0.02049463242292404 0.00309401913546026 0.00402422109618783
v -0.02049463242292404 0.00315627967938781 -0.00397553667426109
v -0.02047413587570190 0.00321265216916800 0.00403990736231208
v -0.02046091482043266 0.00328902853652835 0.00406679557636380
v -0.02046091482043266 0.00335192657075822 -0.00401507038623095
v -0.02044709771871567 0.00336873112246394 0.00411193538457155
v -0.02043273299932480 0.00345138390548527 0.00418440066277981
v -0.02043273299932480 0.00351609289646149 -0.00413013482466340
v -0.02041467651724815 0.00355464033782482 0.00435759406536818
v -0.02041467651724815 0.00362203386612236 -0.00430169980973005
v -0.02040973678231239 0.00358170061372221 0.00455814599990845
v -0.02040973678231239 0.00365220895037055 -0.00450180610641837
v -0.02034181356430054 0.00325007550418377 -0.00398681173101068
v -0.02031268179416656 0.00340774469077587 -0.00405594939365983
v -0.02028786018490791 0.00353104830719531 -0.00417443411424756
v -0.02026992663741112 0.00360731361433864 -0.00432923622429371
v -0.01981050521135330 0.00325531023554504 0.00405629118904471
v -0.01977174729108810 0.00337729882448912 0.00417545158416033
v -0.01975852251052856 0.00295630027540028 0.00395484967157245
v -0.01975851133465767 0.00301749608479440 -0.00390831381082535
v -0.01973514258861542 0.00345005164854228 0.00433100853115320
v -0.01970564201474190 0.00346399331465364 0.00450164638459682
v -0.01948925107717514 0.00349840265698731 -0.00440750317648053
v -0.01941963471472263 -0.00746789248660207 0.00180390977766365
v -0.01941963471472263 -0.00743891205638647 -0.00191988667938858
v -0.01941963285207748 -0.00146807380951941 0.00185060512740165
v -0.01941963285207748 -0.00143909163307399 -0.00187319132965058
v -0.01940887048840523 -0.00148354505654424 0.00383841129951179
v -0.01940887048840523 -0.00142362411133945 -0.00386099773459136
v -0.01925307139754295 0.00286788726225495 0.00382495834492147
v -0.01923123002052307 0.00299047189764678 0.00383523246273398
v -0.01919581741094589 0.00291708484292030 -0.00376072432845831
v -0.01918569952249527 0.00315090897493064 0.00390038616023958
v -0.01917398720979691 0.00303997448645532 -0.00376884709112346
v -0.01912955567240715 0.00327355600893497 0.00401530601084232
v -0.01912766322493553 0.00320158526301384 -0.00383103056810796
v -0.01906990259885788 0.00332605419680476 -0.00394346937537193
v -0.01906919106841087 0.00334507459774613 0.00416661798954010
v -0.01903973147273064 0.00283210282213986 0.00374827906489372
v -0.01903971284627914 0.00289009464904666 -0.00370369595475495
v -0.01900730282068253 0.00339980470016599 -0.00409302907064557
v -0.01894860342144966 0.00341286789625883 -0.00425868667662144
v -0.01887408271431923 0.00333506450988352 0.00428477162495255
v -0.01864241808652878 0.00289555802010000 0.00358611554838717
v -0.01863268204033375 -0.00746176904067397 0.00101697898935527
v -0.01863268204033375 -0.00744503689929843 -0.00113295589108020
v -0.01863268017768860 -0.00146194885019213 0.00106367433909327
v -0.01863268017768860 -0.00144521670881659 -0.00108626054134220
v -0.01858891919255257 0.00305781560018659 0.00364585663191974
v -0.01851612702012062 0.00318105914629996 0.00375356175936759
v -0.01843259483575821 0.00325156236067414 0.00389638263732195
v -0.01841129362583160 0.00330862891860306 -0.00383410579524934
v -0.01836092025041580 0.00272451224736869 0.00340474699623883
v -0.01836090162396431 0.00277717388235033 -0.00336187472566962
v -0.01834463514387608 -0.00745340296998620 -0.00005798847632832
v -0.01834463328123093 -0.00145358277950436 -0.00001129302381742
v -0.01812657713890076 0.00273982691578567 -0.00320247444324195
v -0.01810593903064728 0.00286545464769006 -0.00320650590583682
v -0.01810117438435555 0.00328594096936285 -0.00386366038583219
v -0.01809218153357506 0.00281321513466537 0.00324052362702787
v -0.01804552227258682 0.00303001399151981 -0.00325729954056442
v -0.01803158968687057 0.00297700217925012 0.00329368608072400
v -0.01795755326747894 0.00315528712235391 -0.00335319526493549
v -0.01794323325157166 0.00310078053735197 0.00339121720753610
v -0.01789702102541924 0.00265668774954975 0.00306256674230099
v -0.01789702102541924 0.00270402990281582 -0.00302080530673265
v -0.01789684221148491 -0.00147725711576641 0.00303023867309093
v -0.01789684221148491 -0.00142991240136325 -0.00305282464250922
v -0.01785259693861008 0.00322704622521996 -0.00348251871764660
v -0.01783772185444832 0.00317049911245704 0.00352125382050872
v -0.01774758845567703 0.00263587781228125 0.00292815710417926
v -0.01774756982922554 0.00268113054335117 -0.00288671767339110
v -0.01774582266807556 0.00323527492582798 -0.00362650328315794
v -0.01773031800985336 0.00317644048482180 0.00366492546163499
v -0.01755649596452713 0.00291309831663966 0.00287554785609245
v -0.01749463565647602 -0.01349991746246815 0.00589513452723622
v -0.01749463565647602 -0.01342082023620605 0.00551305478438735
v -0.01749463565647602 -0.01340652629733086 -0.00610450189560652
v -0.01749463565647602 -0.01333338581025600 -0.00572123797610402
v -0.01749463565647602 -0.01320152822881937 0.00519032822921872
v -0.01749463565647602 -0.01311914436519146 -0.00539513723924756
v -0.01749463565647602 -0.01287542842328548 0.00497608724981546
v -0.01749463565647602 -0.01279641781002283 -0.00517584616318345
v -0.01749463565647602 -0.01249216310679913 0.00490294722840190
v -0.01749463565647602 -0.01241433806717396 -0.00509674986824393
v -0.01749463565647602 -0.00749231502413750 0.00494185974821448
v -0.01749463565647602 -0.00741448951885104 -0.00505783734843135
v -0.01749449595808983 0.00314658996649086 0.00347608258016407
v -0.01747999340295792 0.00264088762924075 -0.00260853534564376
v -0.01747159659862518 0.00308539601974189 -0.00293029379099607
v -0.01745485514402390 0.00303732021711767 0.00296087004244328
v -0.01734780892729759 0.00315639399923384 -0.00304399942979217
v -0.01733041927218437 0.00310652586631477 0.00307502551004291
v -0.01725215092301369 0.00260729808360338 -0.00232193293049932
v -0.01723531261086464 0.00256874598562717 0.00233876379206777
v -0.01723343506455421 0.00273464410565794 -0.00232338276691735
v -0.01721663773059845 0.00269608385860920 0.00234215240925550
v -0.01716225966811180 0.00290100974962115 -0.00235905149020255
v -0.01714526116847992 0.00286190444603562 0.00238002231344581
v -0.01704960316419601 0.00302668451331556 -0.00242856866680086
v -0.01703212782740593 0.00298650213517249 0.00245078187435865
v -0.01693603396415710 0.00312501122243702 -0.00285581988282502
v -0.01690937206149101 0.00309707364067435 -0.00252326251938939
v -0.01689121499657631 0.00305539742112160 0.00254561868496239
v -0.01688900217413902 0.00265752710402012 0.00179065810516477
v -0.01688320189714432 0.00252700597047806 0.00173926411662251
v -0.01687660254538059 -0.01249140128493309 0.00480506336316466
v -0.01687660254538059 -0.01241509988903999 -0.00499886553734541
v -0.01686228439211845 0.00255074375309050 -0.00165506545454264
v -0.01686206087470055 -0.00146661873441190 0.00166329508647323
v -0.01686206087470055 -0.00144055101554841 -0.00168588128872216
v -0.01685308106243610 -0.01287463679909706 0.00487447762861848
v -0.01685308106243610 -0.01279720850288868 -0.00507423654198647
v -0.01684235036373138 0.00306967762298882 0.00278547778725624
v -0.01681367680430412 0.00282398494891822 0.00181966542731971
v -0.01678609289228916 -0.01320065557956696 0.00507810944691300
v -0.01678609289228916 -0.01312001794576645 -0.00528291845694184
v -0.01676239445805550 0.00253621512092650 -0.00141895958222449
v -0.01676224917173386 0.00310215307399631 -0.00262913387268782
v -0.01672926731407642 -0.01249098032712936 0.00475071091204882
v -0.01672926731407642 -0.00749112991616130 0.00478962343186140
v -0.01671643182635307 0.00298114446923137 -0.00187832606025040
v -0.01669203117489815 0.00252585392445326 -0.00122126494534314
v -0.01669127866625786 0.00294889952056110 0.00187389005441219
v -0.01668584160506725 -0.01341982278972864 0.00538495834916830
v -0.01668584160506725 -0.01333438325673342 -0.00559314154088497
v -0.01667473092675209 0.00265402323566377 -0.00122127158101648
v -0.01666805520653725 0.00250414526090026 0.00118445302359760
v -0.01665081456303596 0.00263232900761068 0.00118638400454074
v -0.01659683510661125 0.00282116932794452 -0.00123934657312930
v -0.01657263189554214 0.00279921852052212 0.00120586564298719
v -0.01656758598983288 -0.01349877379834652 0.00574830826371908
v -0.01656758598983288 -0.01340766809880733 -0.00595767609775066
v -0.01656318455934525 0.00305106258019805 -0.00195184967014939
v -0.01653705164790154 0.00301765603944659 0.00194653507787734
v -0.01651273667812347 0.00249119428917766 0.00039968470809981
v -0.01649463735520840 -0.01241642422974110 -0.00482880882918835
v -0.01649463735520840 -0.00741657428443432 -0.00478989630937576
v -0.01649463549256325 -0.00145358301233500 -0.00001129302563641
v -0.01649463549256325 0.00249196123331785 0.00001942079870787
v -0.01647783070802689 0.00262035685591400 0.00002043437052635
v -0.01646838337182999 0.00294689857400954 -0.00127574859652668
v -0.01644791662693024 0.00279853190295398 -0.00061828392790630
v -0.01644350588321686 0.00292439712211490 0.00124193250667304
v -0.01639756932854652 0.00278761866502464 0.00002173645953008
v -0.01637386158108711 0.00302043394185603 0.00202680681832135
v -0.01631906442344189 -0.01248919032514095 0.00452099274843931
v -0.01631906442344189 -0.01241731084883213 -0.00471479538828135
v -0.01631531119346619 0.00292418710887432 -0.00063628080533817
v -0.01630543917417526 0.00301644508726895 -0.00132588448468596
v -0.01627958938479424 0.00299316295422614 0.00129004858899862
v -0.01627432368695736 -0.01287234388291836 0.00457959575578570
v -0.01627432368695736 -0.01279950328171253 -0.00477935466915369
v -0.01626355946063995 0.00291314977221191 0.00002271408447996
v -0.01617966964840889 0.00302616832777858 -0.00152089074254036
v -0.01614690758287907 -0.01319812145084143 0.00475243804976344
v -0.01614690758287907 -0.01312255207449198 -0.00495724705979228
v -0.01614638417959213 0.00299344211816788 -0.00066148297628388
v -0.01611188426613808 0.00299621419981122 0.00136471923906356
v -0.01610527187585831 0.00299565377645195 0.00134304293897003
v -0.01609260961413383 0.00298217195086181 0.00002325210516574
v -0.01608042232692242 -0.00748775713145733 0.00435609137639403
v -0.01596631482243538 0.00299634318798780 -0.00069012504536659
v -0.01595621742308140 -0.01341693010181189 0.00501320697367191
v -0.01595621742308140 -0.01333727594465017 -0.00522139016538858
v -0.01591021940112114 0.00298476824536920 0.00002327328547835
v -0.01587660051882267 -0.01248574722558260 0.00407854281365871
v -0.01587660051882267 -0.01242075394839048 -0.00427234498783946
v -0.01581501774489880 -0.01286876853555441 0.00412030564621091
v -0.01581501774489880 -0.01280307862907648 -0.00432006455957890
v -0.01576258428394794 -0.01242212112993002 -0.00409677997231483
v -0.01576258428394794 -0.00742227304726839 -0.00405786745250225
v -0.01573128066956997 -0.01349545828998089 0.00532220304012299
v -0.01573128066956997 -0.01341098360717297 -0.00553157040849328
v -0.01564687676727772 -0.00748270703479648 0.00370726455003023
v -0.01563964597880840 -0.01319417264312506 0.00424519274383783
v -0.01563964597880840 -0.01312649995088577 -0.00445000175386667
v -0.01559252105653286 -0.01248140912503004 0.00352102331817150
v -0.01559252105653286 -0.01242509391158819 -0.00371482572518289
v -0.01552012749016285 -0.01286426372826099 0.00354156666435301
v -0.01552012749016285 -0.01280758157372475 -0.00374132557772100
v -0.01549463532865047 -0.01247659791260958 0.00290300790220499
v -0.01549463532865047 -0.01245325151830912 -0.00009690130536910
v -0.01549463532865047 -0.01242990326136351 -0.00309681054204702
v -0.01549463439732790 -0.00747675029560924 0.00294192065484822
v -0.01549463439732790 -0.00745340343564749 -0.00005798847996630
v -0.01549463439732790 -0.00743005471304059 -0.00305789755657315
v -0.01541851647198200 -0.01285927090793848 0.00290002976544201
v -0.01541851647198200 -0.01281257625669241 -0.00309978867881000
v -0.01537718065083027 -0.01341242343187332 0.00443419115617871
v -0.01537718065083027 -0.01334178261458874 -0.00464237434789538
v -0.01531396619975567 -0.01318919844925404 0.00360602629370987
v -0.01531396619975567 -0.01313147600740194 -0.00381083507090807
v -0.01520174182951450 -0.01318368501961231 0.00289750471711159
v -0.01520174182951450 -0.01313698943704367 -0.00310231349430978
v -0.01506758667528629 -0.01349029224365950 0.00465852767229080
v -0.01506758667528629 -0.01341614965349436 -0.00486789504066110
v -0.01500541903078556 -0.01340674515813589 0.00370458862744272
v -0.01500541903078556 -0.01334746088832617 -0.00391277158632874
v -0.01487732119858265 -0.01340045034885406 0.00289581785909832
v -0.01487732119858265 -0.01335375476628542 -0.00310400058515370
v -0.01464146561920643 -0.01348378323018551 0.00382224819622934
v -0.01464146561920643 -0.01342265959829092 -0.00403161579743028
v -0.01449463702738285 -0.01347656920552254 0.00289522530511022
v -0.01449463702738285 -0.01342987362295389 -0.00310459290631115
v -0.01310763973742723 -0.00944777391850948 0.01206020265817642
v -0.01310763973742723 -0.00925891753286123 -0.01220575254410505
v -0.01310763973742723 -0.00519024720415473 0.01209333725273609
v -0.01310763973742723 -0.00500138988718390 -0.01217261701822281
v -0.01297276560217142 -0.01013049576431513 0.01203799434006214
v -0.01297129038721323 -0.00994609389454126 -0.01219402253627777
v -0.01291027385741472 -0.00409294152632356 -0.01214082539081573
v -0.01290738303214312 -0.00427361251786351 0.01207538787275553
v -0.01266197208315134 -0.00386227550916374 0.01204784959554672
v -0.01265964750200510 -0.00367077742703259 -0.01210614759474993
v -0.01258264668285847 -0.01071838568896055 0.01198455411940813
v -0.01258195750415325 -0.01053086481988430 -0.01214980706572533
v -0.01249463576823473 -0.00944236945360899 0.01136565022170544
v -0.01249463576823473 -0.00926432199776173 -0.01151120010763407
v -0.01249463576823473 -0.00518484134227037 0.01139878574758768
v -0.01249463576823473 -0.00500679388642311 -0.01147806458175182
v -0.01249453518539667 -0.00499039562419057 -0.01147790253162384
v -0.01247129309922457 -0.00474339164793491 -0.01147135533392429
v -0.01245585922151804 -0.00973215606063604 0.01135547552257776
v -0.01241131220012903 -0.00968431122601032 -0.01149739138782024
v -0.01239614654332399 -0.00989698246121407 0.01134208776056767
v -0.01235811505466700 -0.00455982051789761 0.01137856952846050
v -0.01233497727662325 -0.00351541698910296 0.01200959179550409
v -0.01233497727662325 -0.00332806701771915 -0.01206281315535307
v -0.01230144966393709 -0.00427076267078519 -0.01143712922930717
v -0.01219073776155710 -0.00427923724055290 0.01135000493377447
v -0.01217338535934687 -0.01004182454198599 -0.01145140640437603
v -0.01217044238001108 -0.01022160053253174 0.01129286084324121
v -0.01199308969080448 -0.01092407200485468 -0.01207910757511854
v -0.01199213229119778 -0.01111100893467665 0.01190753281116486
v -0.01198974996805191 0.00058149232063442 -0.01190419029444456
v -0.01198931038379669 0.00039607030339539 0.01191178336739540
v -0.01196782011538744 -0.00404267152771354 0.01131089404225349
v -0.01196782011538744 -0.00386613374575973 -0.01137240696698427
v -0.01194949820637703 0.00104944454506040 -0.01162027940154076
v -0.01194905862212181 0.00086838507559150 0.01163518987596035
v -0.01194852963089943 0.00138775107916445 -0.01118815317749977
v -0.01194809004664421 0.00121337501332164 0.01120838057249784
v -0.01181352604180574 -0.01028233859688044 -0.01137951947748661
v -0.01180570293217897 -0.01046152226626873 0.01121669448912144
v -0.01139463577419519 -0.01054058130830526 0.01113164145499468
v -0.01139463577419519 -0.01036604307591915 -0.01129431370645761
v -0.01130764000117779 -0.01124596595764160 0.01182074472308159
v -0.01130764000117779 -0.01106061786413193 -0.01199431344866753
v -0.01022887229919434 -0.00171777745708823 0.01175977941602468
v -0.01022887229919434 -0.00153453461825848 -0.01178505178540945
v -0.00986171513795853 -0.00224503199569881 0.01106108166277409
v -0.00986171513795853 -0.00207260134629905 -0.01109464466571808
v -0.00966849550604820 -0.00193328130990267 -0.01105753052979708
v -0.00940884649753571 -0.00109579670242965 -0.01167892385274172
v -0.00939917564392090 -0.00127406115643680 0.01165930740535259
v -0.00939364731311798 -0.00127250433433801 0.01165862753987312
v -0.00929602608084679 -0.00194225844461471 0.01095951627939939
v -0.00917852669954300 -0.00174335343763232 -0.01096687093377113
v -0.00896912440657616 -0.00188735907431692 0.01089988835155964
v -0.00892553851008415 -0.00101316219661385 -0.01161774341017008
v -0.00891973078250885 -0.00119379267562181 0.01159987878054380
v -0.00865131616592407 -0.00190363882575184 0.01084137707948685
v -0.00865131616592407 -0.00173466582782567 -0.01086965389549732
v -0.00845362246036530 -0.00121787318494171 0.01154130883514881
v -0.00845362246036530 -0.00103809183929116 -0.01155882608145475
v 0.00193043763283640 -0.00216308049857616 -0.01026691216975451
v 0.00194007868412882 -0.00232415692880750 0.01023082062602043
v 0.00281017995439470 -0.00196184543892741 0.01003970112651587
v 0.00281032896600664 -0.00180536869447678 -0.01006896328181028
v 0.00281782052479684 -0.00098315940704197 0.00888127274811268
v 0.00285045406781137 -0.00148953427560627 0.00976310484111309
v 0.00285060307942331 -0.00133742031175643 -0.00978504959493876
v 0.00285143754445016 -0.00114454806316644 0.00933629460632801
v 0.00285158655606210 -0.00099911750294268 -0.00935292150825262
v 0.00304843089543283 -0.00088198861340061 -0.00886676833033562
v 0.01508603617548943 -0.00293755577877164 0.00732339359819889
v 0.01582637801766396 -0.00294262450188398 -0.00727595482021570
v 0.02849105931818485 -0.00781583227217197 0.00614304421469569
v 0.02849105931818485 -0.00771927135065198 -0.00626391125842929
v 0.02868875302374363 -0.00713006639853120 0.00684297597035766
v 0.02868875302374363 -0.00702269515022635 -0.00695308391004801
v 0.02879639901220798 -0.00791130214929581 0.00607971753925085
v 0.02880267985165119 -0.00781878642737865 -0.00620081508532166
v 0.02906156517565250 -0.00809127185493708 0.00602396670728922
v 0.02906156517565250 -0.00799653027206659 -0.00614913506433368
v 0.02918838150799274 -0.00728658819571137 0.00677917618304491
v 0.02919865585863590 -0.00718521047383547 -0.00689048087224364
v 0.02962231077253819 -0.00758136669173837 0.00672252895310521
v 0.02962231077253819 -0.00747581198811531 -0.00683967676013708
v 0.03039985336363316 -0.01049984619021416 0.00589693197980523
v 0.03039985336363316 -0.01040678936988115 -0.00605960516259074
v 0.03047972358763218 -0.01049324497580528 0.00587296625599265
v 0.03048685379326344 -0.01120523083955050 0.00658603664487600
v 0.03048685379326344 -0.01110136322677135 -0.00675960397347808
v 0.03049688972532749 -0.01039750967174768 -0.00603044359013438
v 0.03057253547012806 -0.01046865433454514 0.00584524730220437
v 0.03057258017361164 -0.01037641242146492 -0.00600748509168625
v 0.03069212473928928 -0.01040474418550730 0.00580977788195014
v 0.03070101328194141 -0.01030662376433611 -0.00596834626048803
v 0.03073824383318424 -0.00963098928332329 0.00580196874216199
v 0.03073824383318424 -0.00953951757401228 -0.00595112936571240
v 0.03075301833450794 -0.01035297010093927 0.00579186528921127
v 0.03084088303148746 -0.01115152332931757 0.00654210941866040
v 0.03084334917366505 -0.01104752719402313 -0.00671453122049570
v 0.03084511496126652 -0.01013530138880014 -0.00592378946021199
v 0.03084546513855457 -0.01022539474070072 0.00576504692435265
v 0.03085614182054996 -0.00979470741003752 0.00576520664617419
v 0.03086029179394245 -0.00971295405179262 -0.00591596448794007
v 0.03089985437691212 -0.00999869033694267 0.00575043074786663
v 0.03089985437691212 -0.00990797579288483 -0.00590534601360559
v 0.03116720356047153 -0.01099285855889320 0.00650247139856219
v 0.03116890974342823 -0.01088928058743477 -0.00667252158746123
v 0.03129899129271507 -0.00912108365446329 0.00650053098797798
v 0.03129899129271507 -0.00901879929006100 -0.00664167013019323
v 0.03138611093163490 -0.00691768014803529 -0.00661440519616008
v 0.03138640895485878 -0.00701983971521258 0.00650593545287848
v 0.03143068775534630 -0.01074555795639753 0.00647139269858599
v 0.03143159672617912 -0.01064218766987324 -0.00663769571110606
v 0.03145487233996391 -0.00650532264262438 0.00640760688111186
v 0.03145832195878029 -0.00524539081379771 0.00263209384866059
v 0.03145832195878029 -0.00520378863438964 -0.00271337945014238
v 0.03145832940936089 -0.00512746488675475 -0.00003988688331447
v 0.03145847097039223 -0.00554699823260307 0.00523938750848174
v 0.03145847097039223 -0.00546477781608701 -0.00532505149021745
v 0.03147368505597115 -0.00621885294094682 -0.00641845958307385
v 0.03149180486798286 -0.00605699792504311 0.00614008400589228
v 0.03149196878075600 -0.00596068054437637 -0.00623351940885186
v 0.03149336203932762 -0.00572708249092102 0.00574046280235052
v 0.03149711713194847 -0.00574613362550735 -0.00599885545670986
v 0.03151762112975121 -0.00928773358464241 -0.00661637913435698
v 0.03151794895529747 -0.00939014181494713 0.00647101132199168
v 0.03160757198929787 -0.01043259445577860 0.00645167240872979
v 0.03160810843110085 -0.01032976340502501 -0.00661315489560366
v 0.03165286406874657 -0.00962022412568331 -0.00660202698782086
v 0.03165307268500328 -0.00972276646643877 0.00645149732008576
v 0.03168450668454170 -0.01008188724517822 0.00644476572051644
v 0.03168450668454170 -0.00997954141348600 -0.00660086004063487
v 0.03195677325129509 -0.00555838132277131 -0.00527206249535084
v 0.03210921213030815 -0.00706381583586335 -0.00652497028931975
v 0.03214881196618080 -0.00568186538293958 0.00516404444351792
v 0.03286441043019295 -0.00738510442897677 0.00631796382367611
v 0.03289247676730156 -0.00729554891586304 -0.00642866548150778
v 0.03292389586567879 -0.00559099949896336 0.00255797547288239
v 0.03292389586567879 -0.00555050885304809 -0.00264464924111962
v 0.03293744102120399 -0.00547720259055495 -0.00004260880814400
v 0.03301225230097771 -0.00691501097753644 0.00621817121282220
v 0.03304197266697884 -0.00682760309427977 -0.00632135616615415
v 0.03313036635518074 -0.00646205618977547 0.00593170523643494
v 0.03316166624426842 -0.00637971144169569 -0.00602767849341035
v 0.03318792209029198 -0.00613110279664397 0.00549769634380937
v 0.03322036936879158 -0.00605595484375954 -0.00558843417093158
v 0.03327467665076256 -0.00593134900555015 -0.00513334898278117
v 0.03338741138577461 -0.00605133222416043 0.00502783944830298
v 0.03348342701792717 -0.00762337259948254 0.00623857323080301
v 0.03388887271285057 -0.00726581132039428 0.00610563904047012
v 0.03391997888684273 -0.00718435365706682 -0.00621415674686432
v 0.03405181691050529 -0.00683078868314624 0.00581341749057174
v 0.03408449515700340 -0.00675467681139708 -0.00591500662267208
v 0.03414196148514748 -0.00651286588981748 0.00537522556260228
v 0.03414458408951759 -0.00784406624734402 -0.00627609947696328
v 0.03417577967047691 -0.00644415616989136 -0.00547178508713841
v 0.03435011580586433 -0.00615495862439275 0.00248397630639374
v 0.03435011580586433 -0.00611555110663176 -0.00257943663746119
v 0.03437644615769386 -0.00604710169136524 -0.00004704420280177
v 0.03448635712265968 -0.00813297647982836 0.00610898341983557
v 0.03451657667756081 -0.00805496238172054 -0.00623114593327045
v 0.03452525660395622 -0.00647441297769547 -0.00500315427780151
v 0.03456465527415276 -0.00657181255519390 0.00489700958132744
v 0.03472540155053139 -0.00770494202151895 0.00599744124338031
v 0.03475734964013100 -0.00762970186769962 -0.00611273711547256
v 0.03493110463023186 -0.00729236612096429 0.00569968903437257
v 0.03496469184756279 -0.00722280098125339 -0.00580839999020100
v 0.03505232557654381 -0.00699075963348150 0.00525747751817107
v 0.03508709743618965 -0.00692883506417274 -0.00536140892654657
v 0.03535283729434013 -0.00871933717280626 0.00599588779732585
v 0.03551043942570686 -0.00822609197348356 0.00589505396783352
v 0.03553834930062294 -0.00815405603498220 -0.00601899251341820
v 0.03566589578986168 -0.00723577337339520 0.00477329315617681
v 0.03567830100655556 -0.00692046992480755 0.00241311616264284
v 0.03567830100655556 -0.00688207335770130 -0.00252050021663308
v 0.03568733856081963 -0.00717560155317187 -0.00488348351791501
v 0.03571623936295509 -0.00682005658745766 -0.00005305995364324
v 0.03575631603598595 -0.00784017052501440 0.00559206306934357
v 0.03578570857644081 -0.00777402007952332 -0.00570985255762935
v 0.03590672835707664 -0.00755793461576104 0.00514604337513447
v 0.03591835126280785 -0.00919239502400160 0.00592137267813087
v 0.03591835126280785 -0.00909911748021841 -0.00606369180604815
v 0.03593719378113747 -0.00749957701191306 -0.00525937043130398
v 0.03622758761048317 -0.00874677766114473 -0.00594353256747127
v 0.03636973723769188 -0.00866614188998938 0.00568935647606850
v 0.03649972006678581 -0.00841373018920422 -0.00565921096131206
v 0.03652289137244225 -0.00847031455487013 0.00549114122986794
v 0.03666625544428825 -0.00826737098395824 0.00516969896852970
v 0.03667167946696281 -0.00817755796015263 -0.00527970818802714
v 0.03675003722310066 -0.00810079742223024 0.00464986916631460
v 0.03675027564167976 -0.00802702456712723 -0.00477542541921139
v 0.03688632324337959 -0.00787656474858522 0.00234658992849290
v 0.03688632324337959 -0.00783908646553755 -0.00246886303648353
v 0.03693461045622826 -0.00778486020863056 -0.00006056880374672
v 0.03771641477942467 -0.01084429305046797 0.00568329682573676
v 0.03772543743252754 -0.01076284795999527 -0.00585029134526849
v 0.03820367529988289 -0.01069114543497562 0.00555407628417015
v 0.03821980580687523 -0.01058443915098906 -0.00570920202881098
v 0.03849774971604347 -0.01024519745260477 -0.00541807664558291
v 0.03849779441952705 -0.01032832637429237 0.00525799114257097
v 0.03868060931563377 -0.01006882358342409 0.00483810435980558
v 0.03868688270449638 -0.00998226739466190 -0.00496984599158168
v 0.03874509409070015 -0.00993311963975430 0.00438354397192597
v 0.03939006105065346 -0.01348863914608955 0.00444523710757494
v 0.03939006105065346 -0.01341781672090292 -0.00465460494160652
v 0.03943762555718422 -0.01341547630727291 0.00482553429901600
v 0.03943762555718422 -0.01333874370902777 -0.00503371749073267
v 0.03947794064879417 -0.01320121437311172 0.00514911953359842
v 0.03947794809937477 -0.01311947312206030 -0.00535392900928855
v 0.03950488194823265 -0.01287847477942705 0.00536673050373793
v 0.03950488194823265 -0.01279338449239731 -0.00556648941710591
v 0.03951434418559074 -0.01249639131128788 0.00544523680582643
v 0.03951434418559074 -0.01241012383252382 -0.00563903898000717
v 0.03972462192177773 -0.01341859158128500 -0.00455509498715401
v 0.03973992541432381 -0.01229098998010159 -0.00558987678959966
v 0.03981181606650352 -0.01348747499287128 0.00429557729512453
v 0.03986987844109535 -0.01346057467162609 0.00453868927434087
v 0.03990538790822029 -0.01334732491523027 -0.00487153185531497
v 0.03994112834334373 -0.01226604916155338 0.00531888753175735
v 0.03995664790272713 -0.01217363867908716 -0.00550139509141445
v 0.03996111080050468 -0.01328968908637762 -0.00497816037386656
v 0.03997540101408958 -0.01342014037072659 -0.00435602059587836
v 0.03999839350581169 -0.01335437316447496 0.00477317254990339
v 0.04000312462449074 -0.01348600350320339 0.00410663010552526
v 0.04005945101380348 -0.01348492503166199 0.00396793195977807
v 0.04005945101380348 -0.01342153083533049 -0.00417729932814837
v 0.04008652642369270 -0.01306700147688389 -0.00521741015836596
v 0.04008973017334938 -0.01334824785590172 -0.00475313467904925
v 0.04011690989136696 -0.01315339002758265 0.00499022379517555
v 0.04012960568070412 -0.01345898397266865 0.00433421228080988
v 0.04016436263918877 -0.01329070702195168 -0.00484756520017982
v 0.04016530886292458 -0.01278604287654161 -0.00536661222577095
v 0.04017322137951851 -0.01208408270031214 -0.00537635153159499
v 0.04019873216748238 -0.01242554001510143 -0.00542802596464753
v 0.04020205512642860 -0.01286792010068893 0.00514726433902979
v 0.04021885618567467 -0.01222253032028675 0.00518282968550920
v 0.04023651406168938 -0.01253933552652597 0.00521247601136565
v 0.04027159139513969 -0.01345711667090654 0.00409430544823408
v 0.04029307141900063 -0.01345649641007185 0.00401477608829737
v 0.04029384627938271 -0.01339218486100435 -0.00422384310513735
v 0.04029526934027672 -0.01343268621712923 -0.00274402019567788
v 0.04031655564904213 -0.01335020363330841 -0.00450168224051595
v 0.04032974317669868 -0.01335233449935913 0.00451126554980874
v 0.04033231362700462 -0.01306822989135981 -0.00505936238914728
v 0.04034231975674629 -0.01195739489048719 -0.00520902732387185
v 0.04034538939595222 -0.01203509140759706 0.00501892762258649
v 0.04040404036641121 -0.01344081852585077 -0.00169912702403963
v 0.04041956737637520 -0.01329291332513094 -0.00456416606903076
v 0.04042717441916466 -0.01346307620406151 0.00116070581134409
v 0.04043782874941826 -0.01278740819543600 -0.00519131869077682
v 0.04044842347502708 -0.01208546012639999 -0.00519932573661208
v 0.04045436903834343 -0.01345865242183208 0.00059231487102807
v 0.04048258438706398 -0.01242696121335030 -0.00524541642516851
v 0.04050353541970253 -0.01186174619942904 -0.00500068766996264
v 0.04051431640982628 -0.01315093971788883 0.00467535248026252
v 0.04052386060357094 -0.01334976870566607 0.00418155919760466
v 0.04052438214421272 -0.01344549749046564 0.00262633315287530
v 0.04055457189679146 -0.01334888488054276 0.00406780000776052
v 0.04055651649832726 -0.01328278984874487 -0.00427541136741638
v 0.04058510437607765 -0.01195637695491314 0.00474698096513748
v 0.04061027243733406 -0.01179486792534590 -0.00480221910402179
v 0.04061442986130714 -0.01186487358063459 0.00460809702053666
v 0.04064217582345009 -0.01341169048100710 -0.00171755230985582
v 0.04064692184329033 -0.01286517363041639 0.00479434058070183
v 0.04065139219164848 -0.01307099685072899 -0.00470406515523791
v 0.04066555574536324 -0.01343420892953873 0.00117573502939194
v 0.04067308083176613 -0.01221972703933716 0.00482239853590727
v 0.04070058837532997 -0.01253646891564131 0.00484415236860514
v 0.04070466384291649 -0.01342294551432133 -0.00027131766546518
v 0.04071831330657005 -0.01186732016503811 -0.00473558390513062
v 0.04073806479573250 -0.01176729425787926 0.00413241889327765
v 0.04073941335082054 -0.01169998291879892 -0.00429959781467915
v 0.04073942080140114 -0.01176549308001995 0.00411701062694192
v 0.04075651243329048 -0.01314772944897413 0.00426282966509461
v 0.04078991338610649 -0.01333678606897593 0.00266235321760178
v 0.04079573974013329 -0.01314659789204597 0.00411750329658389
v 0.04079702869057655 -0.01279052626341581 -0.00479085417464375
v 0.04079859331250191 -0.01307759806513786 -0.00432212417945266
v 0.04081164672970772 -0.01208861265331507 -0.00479432567954063
v 0.04083605483174324 -0.01170183438807726 -0.00376960146240890
v 0.04084574058651924 -0.01195291988551617 0.00430269585922360
v 0.04085880145430565 -0.01243022643029690 -0.00482579180970788
v 0.04088119789958000 -0.01187455467879772 -0.00432925159111619
v 0.04088823869824409 -0.01195169426500797 0.00414525950327516
v 0.04090920463204384 -0.01330254040658474 -0.00173761195037514
v 0.04092365875840187 -0.01286149956285954 0.00432231789454818
v 0.04093289002776146 -0.01332535129040480 0.00119319721125066
v 0.04095663502812386 -0.01221596170216799 0.00433863792568445
v 0.04096901044249535 -0.01286019198596478 0.00415431009605527
v 0.04096903279423714 -0.01279392559081316 -0.00435393024235964
v 0.04097153618931770 -0.01278751622885466 -0.00435438565909863
v 0.04097250476479530 -0.01331394352018833 -0.00027263950323686
v 0.04099130257964134 -0.01253260765224695 0.00434805033728480
v 0.04100000485777855 -0.01213705353438854 -0.00435500498861074
v 0.04100319370627403 -0.01221461966633797 0.00416615419089794
v 0.04103462025523186 -0.01313222292810678 0.00269636185839772
v 0.04103736951947212 -0.01174335461109877 0.00210931617766619
v 0.04103912785649300 -0.01253123022615910 0.00417086249217391
v 0.04103950783610344 -0.01245528273284435 -0.00436536408960819
v 0.04107603058218956 -0.01171161606907845 -0.00187361822463572
v 0.04111813381314278 -0.01192939281463623 0.00271678529679775
v 0.04114887490868568 -0.01172575354576111 0.00011248986265855
v 0.04115529730916023 -0.01309757493436337 -0.00175528659019619
v 0.04117926582694054 -0.01312065403908491 0.00121010246220976
v 0.04120945557951927 -0.01284258812665939 0.00272177509032190
v 0.04121934995055199 -0.01310911215841770 -0.00027304541436024
v 0.04123823717236519 -0.01219219993799925 0.00273064966313541
v 0.04123928025364876 -0.01189460977911949 -0.00175249984022230
v 0.04126333817839622 -0.01191778015345335 0.00122468953486532
v 0.04127816483378410 -0.01251053251326084 0.00273346109315753
v 0.04130357876420021 -0.01190619077533484 -0.00026436577900313
v 0.04133111611008644 -0.01280765607953072 -0.00176679715514183
v 0.04135527834296227 -0.01283092610538006 0.00122329709120095
v 0.04136006161570549 -0.01215721853077412 -0.00176400132477283
v 0.04138426110148430 -0.01218052208423615 0.00123015989083797
v 0.04139569774270058 -0.01281928643584251 -0.00027221863274463
v 0.04140021279454231 -0.01247548684477806 -0.00176962232217193
v 0.04142445698380470 -0.01249883137643337 0.00123018096201122
v 0.04142473265528679 -0.01216886565089226 -0.00026739179156721
v 0.04146500304341316 -0.01248715538531542 -0.00027019527624361
f 13 1 14
f 9 4 1
f 9 1 13
f 9 13 20
f 1139 656 694
f 772 781 780
f 28 13 14
f 28 20 13
f 16 4 9
f 507 9 20
f 820 1258 1168
f 763 817 814
f 763 819 817
f 763 752 819
f 822 819 752
f 1277 1248 1275
f 1277 1255 1248
f 566 636 1006
f 566 631 630
f 1339 636 1341
f 3 19 17
f 32 534 30
f 32 30 17
f 32 527 534
f 15 17 30
f 15 30 38
f 15 38 21
f 15 3 17
f 15 21 14
f 595 534 527
f 658 694 656
f 1254 820 1168
f 1254 815 820
f 1250 811 808
f 1250 808 940
f 1250 1047 1251
f 804 1139 694
f 1440 1446 1450
f 18 4 16
f 807 808 780
f 552 121 554
f 27 16 9
f 27 9 507
f 27 479 16
f 881 808 867
f 821 818 1170
f 821 1170 1258
f 821 1258 820
f 821 762 818
f 1199 817 819
f 1199 814 817
f 1257 1252 819
f 1257 822 1255
f 1257 1255 1277
f 1257 1277 1279
f 1257 1279 1269
f 1257 1269 1252
f 741 814 810
f 759 822 752
f 1245 1275 1248
f 816 765 803
f 816 1169 822
f 816 759 765
f 816 822 759
f 567 636 566
f 567 566 495
f 1004 630 631
f 1004 1131 1359
f 1004 1006 1131
f 1004 631 566
f 1004 566 1006
f 654 608 656
f 654 656 1347
f 607 608 654
f 607 654 653
f 1348 1006 636
f 1348 636 1339
f 1348 1131 1006
f 1348 1359 1131
f 1348 1381 1359
f 1348 1375 1381
f 23 17 19
f 23 32 17
f 10 19 3
f 29 28 14
f 537 29 538
f 2 15 14
f 2 3 15
f 2 14 1
f 613 608 595
f 613 595 643
f 613 656 608
f 1198 1254 1276
f 1201 1168 1258
f 1201 1254 1168
f 1278 1276 1254
f 951 970 1250
f 951 1250 940
f 1030 1047 1250
f 1203 1258 1170
f 1203 1253 1258
f 1203 1170 818
f 1203 818 1204
f 813 811 1250
f 813 1250 1253
f 813 1204 818
f 813 818 762
f 813 762 744
f 1271 1268 1276
f 1271 804 1268
f 1451 1446 1433
f 1451 1454 1450
f 1451 1450 1446
f 1451 1453 1454
f 1345 654 1347
f 1345 653 654
f 11 4 18
f 22 18 16
f 22 34 18
f 77 123 124
f 800 780 781
f 800 807 780
f 857 1047 1030
f 857 1030 867
f 857 867 808
f 857 808 807
f 1083 1251 1047
f 1083 1047 857
f 671 672 688
f 749 772 780
f 737 739 749
f 737 808 811
f 737 780 808
f 737 749 780
f 707 688 672
f 707 741 738
f 551 121 552
f 551 552 674
f 551 549 121
f 551 674 549
f 66 554 121
f 66 121 88
f 676 674 552
f 676 693 674
f 36 20 28
f 490 507 20
f 490 20 36
f 490 36 535
f 578 612 584
f 578 611 612
f 655 652 1344
f 655 1344 1346
f 548 578 584
f 482 27 507
f 897 808 881
f 1205 819 1252
f 1205 1199 819
f 1205 1252 814
f 1205 814 1199
f 1171 819 822
f 1171 822 1257
f 743 763 814
f 743 814 741
f 1383 1391 1359
f 1383 1359 1381
f 1400 1409 1391
f 1400 1421 1409
f 1400 1391 1383
f 1363 1342 1357
f 1363 1369 1344
f 1363 1344 1342
f 1340 1357 1342
f 594 630 602
f 594 602 535
f 770 803 765
f 770 1245 803
f 1196 803 1245
f 1165 816 803
f 1165 803 1196
f 1200 1169 816
f 1200 1255 822
f 1200 822 1169
f 1200 1248 1255
f 1200 816 1248
f 1350 630 1004
f 1350 1004 1359
f 1350 1338 630
f 1373 1359 1391
f 1373 1372 1359
f 1390 1372 1373
f 650 607 653
f 650 1343 649
f 650 653 1345
f 650 1345 1343
f 1361 1343 1345
f 1360 1374 1375
f 8 7 11
f 540 21 38
f 540 38 30
f 646 1341 636
f 646 636 605
f 646 649 1343
f 646 1343 1341
f 37 21 538
f 37 538 29
f 37 14 21
f 37 29 14
f 604 605 636
f 604 636 567
f 604 567 495
f 570 538 605
f 570 537 538
f 570 605 604
f 570 604 495
f 259 550 675
f 259 675 125
f 259 124 550
f 259 125 124
f 40 32 23
f 40 527 32
f 40 519 527
f 40 50 519
f 40 23 42
f 40 42 50
f 651 658 656
f 651 656 613
f 651 613 643
f 651 643 690
f 651 694 658
f 651 690 723
f 623 643 595
f 564 601 617
f 1164 815 1254
f 1164 1254 1198
f 1164 804 815
f 1244 1268 804
f 1244 1276 1268
f 1244 1198 1276
f 1256 1258 1278
f 1256 1278 1254
f 1256 1201 1258
f 1256 1254 1201
f 1282 1269 1279
f 1282 1272 1269
f 1206 1253 1203
f 1206 1203 1204
f 1206 813 1253
f 1206 1204 813
f 1189 1139 804
f 1189 1271 1139
f 1189 804 1271
f 764 820 815
f 732 694 651
f 732 651 723
f 1420 1398 1408
f 1420 1402 1398
f 1445 1443 1453
f 1449 1453 1443
f 1435 1431 1407
f 1435 1443 1431
f 1435 1449 1443
f 1435 1441 1449
f 1448 1451 1433
f 1448 1453 1451
f 5 4 11
f 5 11 7
f 25 18 34
f 25 11 18
f 518 16 479
f 518 22 16
f 78 77 43
f 78 122 123
f 78 123 77
f 828 807 800
f 839 857 807
f 839 807 1083
f 839 1083 857
f 1249 814 1252
f 1249 810 814
f 1249 1252 1269
f 1249 1269 1272
f 809 800 781
f 809 810 1249
f 809 781 772
f 809 772 738
f 809 741 810
f 809 738 741
f 673 550 124
f 673 675 550
f 120 88 121
f 120 122 88
f 120 672 671
f 120 671 122
f 716 688 707
f 716 739 737
f 734 707 738
f 734 739 716
f 734 716 707
f 691 741 707
f 691 743 741
f 691 707 672
f 691 674 693
f 691 549 674
f 514 554 66
f 514 66 73
f 514 523 554
f 514 73 523
f 44 34 66
f 44 25 34
f 41 34 22
f 41 66 34
f 41 73 66
f 627 552 554
f 627 676 552
f 715 765 759
f 575 554 523
f 575 625 554
f 525 28 419
f 525 419 535
f 525 36 28
f 525 535 36
f 420 28 29
f 420 419 28
f 420 29 537
f 420 495 419
f 420 570 495
f 420 537 570
f 724 770 765
f 724 731 770
f 579 611 578
f 579 558 619
f 600 619 558
f 529 490 535
f 529 507 490
f 529 558 507
f 639 652 655
f 657 639 655
f 557 548 584
f 557 518 548
f 913 940 808
f 913 808 897
f 913 897 970
f 913 970 951
f 913 951 940
f 987 897 881
f 987 1250 970
f 987 970 897
f 733 700 744
f 677 675 700
f 1202 1257 819
f 1202 819 1171
f 1202 1171 1257
f 1438 1421 1440
f 1438 1440 1450
f 1438 1450 1447
f 1438 1430 1409
f 1438 1409 1421
f 1426 1421 1400
f 1426 1419 1440
f 1426 1440 1421
f 1403 1426 1400
f 1389 1408 1398
f 1389 1390 1408
f 1389 1398 1369
f 1389 1369 1363
f 494 535 419
f 494 594 535
f 494 419 495
f 494 495 566
f 494 566 630
f 494 630 594
f 1197 1196 1245
f 1197 1165 1196
f 1197 1245 1248
f 1197 1248 816
f 1197 816 1165
f 1314 1322 1324
f 1286 1277 1275
f 1286 1275 1284
f 1270 1275 1245
f 1270 770 731
f 1270 1245 770
f 1315 731 657
f 1315 1270 731
f 1298 1294 1305
f 1298 1284 1294
f 1298 1286 1284
f 1358 1359 1372
f 1358 1350 1359
f 1351 1357 1340
f 1351 1338 1350
f 1392 1390 1373
f 1392 1391 1409
f 1392 1373 1391
f 1392 1408 1390
f 1366 1361 1345
f 1425 1433 1446
f 1437 1419 1412
f 1437 1446 1440
f 1437 1440 1419
f 1393 1412 1419
f 1356 1374 1360
f 1356 1362 1374
f 1356 1348 1362
f 1356 1375 1348
f 1356 1360 1375
f 1352 1362 1348
f 1352 1339 1341
f 1352 1348 1339
f 1378 1361 1366
f 6 10 3
f 6 8 10
f 12 10 8
f 12 8 11
f 12 11 25
f 485 538 21
f 485 21 486
f 606 650 649
f 606 607 650
f 606 649 646
f 606 646 605
f 541 30 534
f 541 540 30
f 541 595 608
f 541 534 595
f 541 608 607
f 541 607 540
f 67 124 125
f 67 77 124
f 67 43 77
f 67 75 42
f 681 617 717
f 681 623 617
f 681 643 623
f 681 690 643
f 681 717 723
f 681 723 690
f 585 564 617
f 585 623 595
f 585 617 623
f 585 595 527
f 585 527 519
f 585 519 564
f 582 601 564
f 1195 1244 804
f 1195 1198 1244
f 1195 804 1164
f 1195 1164 1198
f 1267 1258 1253
f 1267 1253 1250
f 1274 1251 1249
f 1274 1249 1272
f 1274 1250 1251
f 1285 1276 1278
f 1285 1271 1276
f 1285 1289 1271
f 1287 1285 1278
f 1327 1434 1414
f 1288 1282 1279
f 1288 1279 1277
f 1288 1277 1286
f 1291 1272 1282
f 721 723 717
f 721 764 723
f 721 717 714
f 721 714 764
f 771 723 764
f 771 732 723
f 771 815 804
f 771 764 815
f 771 804 694
f 771 694 732
f 1410 1408 1392
f 1410 1409 1430
f 1410 1392 1409
f 1444 1449 1441
f 1427 1402 1420
f 1405 1396 1415
f 1442 1445 1453
f 1442 1453 1448
f 1442 1434 1445
f 1442 1414 1434
f 512 41 22
f 512 518 557
f 533 578 548
f 533 548 518
f 533 518 479
f 24 10 12
f 24 19 10
f 79 78 58
f 79 88 122
f 79 122 78
f 827 828 800
f 1042 1249 1251
f 868 800 809
f 547 672 510
f 547 691 672
f 547 549 691
f 547 121 549
f 547 510 121
f 223 123 205
f 223 205 671
f 154 671 205
f 154 205 123
f 352 124 123
f 352 673 124
f 692 671 688
f 692 673 671
f 692 688 716
f 692 675 673
f 692 700 675
f 692 744 700
f 750 738 772
f 750 772 749
f 720 691 693
f 720 743 691
f 720 745 743
f 720 752 745
f 45 25 44
f 45 58 78
f 45 78 43
f 45 51 58
f 45 44 51
f 64 44 66
f 64 51 44
f 64 66 88
f 64 58 51
f 64 79 58
f 64 88 79
f 501 523 73
f 501 73 41
f 501 512 523
f 501 41 512
f 697 752 720
f 697 720 693
f 697 759 752
f 697 715 759
f 609 603 584
f 609 621 603
f 609 584 612
f 718 680 642
f 718 642 724
f 620 619 652
f 620 579 619
f 620 611 579
f 620 652 639
f 620 639 611
f 647 1340 1342
f 545 529 535
f 545 535 602
f 545 602 600
f 545 600 558
f 545 558 529
f 695 731 724
f 695 657 731
f 689 724 642
f 689 642 657
f 689 695 724
f 689 657 695
f 624 642 612
f 624 657 642
f 624 639 657
f 624 612 611
f 624 611 639
f 1001 1250 987
f 1001 987 881
f 1001 1030 1250
f 1001 881 867
f 1001 867 1030
f 747 744 762
f 553 125 675
f 553 675 677
f 555 67 125
f 555 75 67
f 555 125 553
f 698 717 617
f 698 714 717
f 698 617 601
f 696 677 700
f 696 714 698
f 748 752 763
f 748 745 752
f 748 763 743
f 748 743 745
f 1394 1401 1415
f 1394 1415 1396
f 1394 1322 1321
f 1394 1396 1322
f 1353 1370 1319
f 1386 1400 1383
f 1386 1403 1400
f 1386 1383 1381
f 1386 1381 1403
f 1397 1403 1381
f 1397 1381 1375
f 1397 1375 1374
f 1397 1393 1419
f 1397 1374 1393
f 1397 1419 1426
f 1397 1426 1403
f 1377 1390 1389
f 1377 1372 1390
f 1377 1363 1357
f 1377 1389 1363
f 1300 1314 1302
f 1300 1286 1298
f 1300 1302 1288
f 1300 1288 1286
f 1283 1294 1284
f 1283 1284 1275
f 1283 1275 1270
f 1283 1315 1294
f 1283 1270 1315
f 1304 1305 1294
f 1304 1315 1305
f 1304 1294 1315
f 1240 1346 1315
f 1134 657 655
f 1134 1315 657
f 1134 655 1240
f 1134 1240 1315
f 1364 1350 1358
f 1364 1351 1350
f 1364 1358 1372
f 1364 1372 1377
f 1364 1357 1351
f 1364 1377 1357
f 1424 1437 1412
f 1424 1425 1446
f 1424 1446 1437
f 1376 1374 1362
f 1376 1393 1374
f 1355 1362 1352
f 1355 1343 1361
f 1355 1341 1343
f 1355 1352 1341
f 1411 1433 1425
f 1411 1425 1424
f 539 540 607
f 539 607 606
f 539 605 538
f 539 606 605
f 539 538 485
f 539 485 486
f 539 486 21
f 539 21 540
f 1273 1250 1274
f 1273 1267 1250
f 1273 1281 1267
f 1316 1289 1295
f 1316 1271 1289
f 1299 1295 1289
f 1299 1289 1285
f 1428 1448 1433
f 1428 1442 1448
f 1436 1443 1445
f 1436 1431 1443
f 1436 1445 1434
f 1307 1302 1314
f 1307 1314 1324
f 1297 1282 1288
f 1297 1291 1282
f 1297 1288 1302
f 1297 1302 1307
f 1439 1430 1438
f 1439 1438 1447
f 1452 1449 1444
f 1452 1454 1453
f 1452 1453 1449
f 1452 1450 1454
f 1452 1447 1450
f 1452 1439 1447
f 1452 1444 1439
f 1422 1401 1402
f 1422 1402 1427
f 1422 1415 1401
f 1337 1324 1405
f 1337 1405 1407
f 1335 1405 1324
f 1335 1396 1405
f 1335 1324 1322
f 1335 1322 1396
f 1418 1435 1407
f 1418 1407 1405
f 1418 1405 1415
f 1418 1441 1435
f 1418 1415 1422
f 473 22 518
f 473 512 22
f 473 518 512
f 532 579 578
f 532 578 533
f 26 12 25
f 26 24 12
f 26 25 45
f 26 43 24
f 26 45 43
f 35 24 43
f 35 67 42
f 35 43 67
f 35 19 24
f 35 42 23
f 35 23 19
f 1091 1251 830
f 826 807 828
f 826 828 830
f 826 830 1251
f 1074 1042 1251
f 882 868 809
f 858 800 868
f 858 868 1042
f 858 1074 800
f 858 1042 1074
f 1016 1249 1042
f 1016 1042 868
f 1016 868 882
f 593 510 672
f 593 672 230
f 593 121 412
f 593 230 121
f 144 122 671
f 144 671 154
f 144 123 122
f 144 154 123
f 254 123 223
f 543 671 673
f 543 673 352
f 543 223 671
f 543 254 223
f 543 123 254
f 742 716 737
f 742 692 716
f 742 744 692
f 742 737 811
f 742 811 813
f 742 813 744
f 212 191 121
f 212 672 191
f 212 121 230
f 212 230 672
f 158 672 120
f 158 191 672
f 158 120 121
f 158 121 191
f 740 734 738
f 740 738 750
f 740 739 734
f 740 749 739
f 740 750 749
f 687 625 575
f 687 575 587
f 687 715 697
f 687 676 627
f 687 693 676
f 687 697 693
f 687 554 625
f 687 627 554
f 663 587 603
f 581 603 587
f 581 587 557
f 581 584 603
f 581 557 584
f 536 557 587
f 536 523 512
f 536 512 557
f 536 575 523
f 536 587 575
f 622 612 642
f 622 609 612
f 622 621 609
f 622 642 680
f 622 680 718
f 622 718 621
f 722 765 715
f 722 724 765
f 722 718 724
f 648 647 1342
f 648 652 619
f 648 619 633
f 648 633 647
f 648 1344 652
f 648 1342 1344
f 746 733 744
f 746 744 747
f 628 553 677
f 628 555 553
f 751 700 733
f 751 696 700
f 751 733 746
f 751 746 747
f 751 762 821
f 751 747 762
f 583 601 582
f 583 698 601
f 1334 1321 1319
f 1380 1370 1401
f 1380 1401 1394
f 1380 1319 1370
f 1380 1334 1319
f 1380 1394 1321
f 1380 1321 1334
f 1331 1346 1353
f 1331 1305 1315
f 1331 1319 1305
f 1331 1353 1319
f 1371 1370 1353
f 1371 1353 1346
f 1371 1369 1398
f 1371 1398 1402
f 1371 1402 1401
f 1371 1401 1370
f 1371 1344 1369
f 1371 1346 1344
f 1312 1314 1300
f 1312 1321 1322
f 1312 1322 1314
f 1312 1319 1321
f 1312 1305 1319
f 1312 1298 1305
f 1312 1300 1298
f 1222 655 1346
f 1222 1346 1240
f 1222 1240 655
f 1365 1376 1362
f 1365 1362 1355
f 1365 1361 1378
f 1365 1355 1361
f 1399 1412 1393
f 1399 1424 1412
f 1399 1411 1424
f 1384 1378 1366
f 1384 1399 1378
f 1384 1411 1399
f 1330 1271 1316
f 1330 1139 1271
f 1330 1347 656
f 1330 656 1139
f 1306 1299 1313
f 1306 1295 1299
f 1306 1316 1295
f 1306 1318 1316
f 1280 1278 1258
f 1280 1258 1267
f 1280 1267 1281
f 1301 1317 1313
f 1301 1313 1299
f 1301 1285 1287
f 1301 1299 1285
f 1325 1327 1414
f 1323 1313 1317
f 1323 1317 1325
f 1406 1325 1414
f 1326 1307 1324
f 1326 1431 1436
f 1326 1324 1337
f 1326 1407 1431
f 1326 1337 1407
f 1432 1439 1444
f 1423 1410 1430
f 1423 1430 1439
f 1423 1420 1408
f 1423 1408 1410
f 1423 1439 1432
f 1423 1427 1420
f 1423 1432 1427
f 522 533 479
f 522 507 558
f 522 482 507
f 522 479 27
f 522 27 482
f 829 830 828
f 829 1091 830
f 829 828 1251
f 829 1251 1091
f 823 1083 807
f 823 807 826
f 823 1251 1083
f 823 826 1251
f 831 1088 1251
f 831 827 1088
f 831 1251 828
f 831 828 827
f 806 827 800
f 806 1088 827
f 840 800 1074
f 840 806 800
f 1002 1249 1016
f 1002 1016 882
f 435 510 593
f 435 593 412
f 435 121 510
f 435 412 121
f 271 352 123
f 271 123 543
f 271 543 352
f 699 715 687
f 699 687 587
f 699 587 663
f 699 621 718
f 699 603 621
f 699 663 603
f 699 722 715
f 699 718 722
f 618 600 602
f 618 619 600
f 618 633 619
f 644 602 630
f 644 618 602
f 644 1351 1340
f 644 630 1338
f 644 1338 1351
f 686 555 628
f 686 677 696
f 686 628 677
f 686 696 698
f 686 698 583
f 513 50 42
f 513 519 50
f 758 714 696
f 758 696 751
f 758 820 764
f 758 764 714
f 758 821 820
f 758 751 821
f 1329 1315 1346
f 1329 1346 1331
f 1329 1331 1315
f 1368 1345 1347
f 1368 1366 1345
f 1368 1384 1366
f 1354 1318 1367
f 1354 1367 1368
f 1320 1313 1323
f 1320 1323 1388
f 1320 1367 1318
f 1320 1306 1313
f 1320 1318 1306
f 1382 1393 1376
f 1382 1399 1393
f 1382 1376 1365
f 1382 1365 1378
f 1382 1378 1399
f 1292 1281 1273
f 1308 1307 1326
f 1308 1291 1297
f 1308 1297 1307
f 1429 1422 1427
f 1429 1427 1432
f 1429 1441 1418
f 1429 1418 1422
f 1429 1444 1441
f 1429 1432 1444
f 531 532 533
f 531 533 522
f 531 522 558
f 531 558 579
f 531 579 532
f 1087 840 1074
f 1087 1251 1088
f 1087 1074 1251
f 1087 1088 806
f 1087 806 840
f 939 950 914
f 939 914 809
f 939 1249 950
f 939 809 1249
f 898 1002 882
f 898 882 809
f 898 809 914
f 898 1249 1002
f 645 633 618
f 645 618 644
f 645 647 633
f 645 1340 647
f 645 644 1340
f 1387 1411 1384
f 1387 1384 1368
f 1332 1318 1354
f 1349 1368 1347
f 1349 1354 1368
f 1349 1332 1354
f 1349 1347 1330
f 1349 1330 1316
f 1349 1316 1318
f 1349 1318 1332
f 1333 1320 1388
f 1296 1281 1292
f 1296 1292 1309
f 1293 1273 1274
f 1293 1292 1273
f 1293 1274 1272
f 1293 1272 1291
f 1417 1404 1406
f 1417 1406 1414
f 1417 1414 1442
f 1417 1442 1428
f 1395 1388 1323
f 1395 1404 1388
f 1336 1325 1406
f 1336 1406 1404
f 1336 1323 1325
f 1336 1395 1323
f 1336 1404 1395
f 1328 1327 1309
f 1328 1308 1326
f 1328 1326 1436
f 1328 1434 1327
f 1328 1436 1434
f 971 1249 898
f 971 898 914
f 971 950 1249
f 971 914 950
f 576 583 546
f 556 582 564
f 556 583 582
f 556 546 583
f 556 564 519
f 556 519 513
f 1379 1333 1388
f 1379 1367 1320
f 1379 1320 1333
f 1385 1368 1367
f 1385 1387 1368
f 1385 1367 1379
f 1385 1379 1388
f 1290 1280 1281
f 1290 1281 1296
f 1290 1287 1278
f 1290 1278 1280
f 1290 1301 1287
f 1310 1296 1309
f 1310 1325 1317
f 1310 1309 1327
f 1310 1327 1325
f 1311 1328 1309
f 1311 1308 1328
f 1311 1309 1292
f 1311 1292 1293
f 1311 1291 1308
f 1311 1293 1291
f 626 576 546
f 626 555 686
f 626 546 555
f 626 686 583
f 626 583 576
f 524 556 513
f 524 546 556
f 524 42 75
f 524 513 42
f 524 75 555
f 524 555 546
f 1416 1428 1433
f 1416 1433 1411
f 1416 1411 1387
f 1303 1290 1296
f 1303 1296 1310
f 1303 1310 1317
f 1303 1317 1301
f 1303 1301 1290
f 1413 1387 1385
f 1413 1416 1387
f 1413 1388 1404
f 1413 1385 1388
f 1413 1428 1416
f 1413 1417 1428
f 1413 1404 1417
f 6 7 8
f 6 1 4
f 6 2 1
f 6 3 2
f 6 4 5
f 6 5 7

